Unique_Id,Nucleotide_accession,Bacteria_specie,family,phylum,relaxase_id,recombinase_id,REL_clstr,REC_clstr,strand,IME_Rho_coord
658190,NZ_CAADCP010000010,Clostridioides_difficile,Clostridiaceae,Bacillota,WP_430516985,WP_002571010,REL_C4,REC_C1,+,21005-26646
614197,NZ_FUPQ01000005,Clostridioides_difficile,Clostridiaceae,Bacillota,WP_077735077,WP_077735083,REL_C31,REC_C2,+,44872-51330
952276,NZ_JASSWT010000229,Clostridioides_difficile,Clostridiaceae,Bacillota,WP_002571015,WP_002571010,REL_C4,REC_C1,+,20889-26521
936566,NZ_JAZGYX010000009,Clostridioides_difficile,Clostridiaceae,Bacillota,WP_271631641,WP_243164111,REL_C4,REC_C1,-,128135-133767
420075,NZ_CAAKCA010000009,Clostridioides_difficile,Clostridiaceae,Bacillota,WP_430516985,WP_002571010,REL_C4,REC_C1,+,21005-26646
411919,NZ_QNWW01000005,Clostridioides_difficile,Clostridiaceae,Bacillota,WP_002571015,WP_002571010,REL_C4,REC_C1,+,20965-26597
331218,NZ_CP160826,Clostridioides_difficile,Clostridiaceae,Bacillota,WP_425590814,WP_117788211,REL_C20,REC_C0,+,76152-81680
448480,NZ_JAJMRN010000016,Clostridioides_difficile,Clostridiaceae,Bacillota,WP_002571015,WP_002571010,REL_C4,REC_C1,+,86614-92246
701786,NZ_QNWG01000012,Clostridioides_difficile,Clostridiaceae,Bacillota,WP_002571015,WP_002571010,REL_C4,REC_C1,+,21283-26915
585510,NZ_QNWF01000005,Clostridioides_difficile,Clostridiaceae,Bacillota,WP_002571015,WP_002571010,REL_C4,REC_C1,+,21275-26907
854921,NZ_VCAE01000047,Clostridioides_difficile,Clostridiaceae,Bacillota,WP_044983951,WP_009255332,REL_C11,REC_C3,+,70669-76193
506243,NZ_LNMU01000054,Enterococcus_faecium,Enterococcaceae,Bacillota,WP_002571015,WP_002571010,REL_C4,REC_C1,+,11795-17427
488229,NZ_JAUKUM010000001,Enterococcus_faecium,Enterococcaceae,Bacillota,WP_305879149,WP_305879151,REL_C0,REC_C0,+,218846-224365
750713,NZ_JAJBYV010000016,Clostridioides_difficile,Clostridiaceae,Bacillota,WP_002571015,WP_002571010,REL_C4,REC_C1,+,86614-92246
612377,NZ_OX637968,Clostridioides_difficile,Clostridiaceae,Bacillota,WP_002571015,WP_002571010,REL_C4,REC_C1,-,3957529-3963161
364642,NZ_JXBR01000023,Clostridioides_difficile,Clostridiaceae,Bacillota,WP_002571015,WP_002571010,REL_C4,REC_C1,-,37725-43357
419331,NZ_QNWX01000006,Clostridioides_difficile,Clostridiaceae,Bacillota,WP_002571015,WP_002571010,REL_C4,REC_C1,+,161380-167012
513791,NZ_JASSWF010000314,Clostridioides_difficile,Clostridiaceae,Bacillota,WP_002571015,WP_002571010,REL_C4,REC_C1,+,20889-26521
465552,NZ_JXBQ01000027,Clostridioides_difficile,Clostridiaceae,Bacillota,WP_002571015,WP_002571010,REL_C4,REC_C1,-,37766-43398
536983,NZ_JAINUC010000011,Clostridioides_difficile,Clostridiaceae,Bacillota,WP_430516985,WP_002571010,REL_C4,REC_C1,+,21324-26965
471653,NZ_JXBP01000015,Clostridioides_difficile,Clostridiaceae,Bacillota,WP_002571015,WP_002571010,REL_C4,REC_C1,-,53769-59401
322519,NZ_CAADEN010000004,Clostridioides_difficile,Clostridiaceae,Bacillota,WP_430516985,WP_002571010,REL_C4,REC_C1,+,46771-52412
456657,NZ_QSON01000003,Hungatella hathewayi,Clostridiaceae,Bacillota,WP_044945864,WP_097800099,REL_C3,REC_C0,+,174539..180039
267469,NZ_JAQDDJ010000001,Eubacterium limosum,Eubacteriaceae,Bacillota,WP_270505203,WP_005921270,REL_C0,REC_C0,-,838360-843876
278480,NZ_JAJBMM010000008,Blautia faecis,Lachnospiraceae,Bacillota,WP_226837065,WP_012744300,REL_C0,REC_C0,+,60594-66233
944024,NZ_JAQDKY010000031,Blautia faecis,Lachnospiraceae,Bacillota,WP_270432145,WP_002569232,REL_C0,REC_C0,+,24641-30158
686996,NZ_JACRTO010000003,Blautia faecis,Lachnospiraceae,Bacillota,WP_118029932,WP_118029937,REL_C8,REC_C2,-,324514-330286
285490,NZ_FQVI01000008,Lactonifactor longoviformis DSM 17459,Clostridiaceae,Bacillota,WP_072851221,WP_002569232,REL_C0,REC_C0,+,107642-113161
111164,NZ_RAZG01000059,Roseburia sp. 1XD42-69,Lachnospiraceae,Bacillota,WP_120409332,WP_120409331,REL_C7,REC_C2,-,9700-16045
648936,NZ_QUEE01000011,Lachnotalea sp. AF33-28,Lachnospiraceae,Bacillota,WP_117962497,WP_117962491,REL_C0,REC_C0,-,34283-39802
215893,NZ_SPHS01000023,Flavonifractor plautii,Oscillospiraceae,Bacillota,WP_008818020,WP_008818022,REL_C3,REC_C0,-,44615-50117
226547,NZ_JAQLWL010000023,Flavonifractor plautii,Oscillospiraceae,Bacillota,WP_008818020,WP_008818022,REL_C3,REC_C0,-,44615-50117
856852,NZ_JBCJAQ010000024,Flavonifractor plautii,Oscillospiraceae,Bacillota,WP_342983196,WP_342983192,REL_C27,REC_C4,-,53065-58763
571814,NZ_JADPCX010000050,Flavonifractor plautii,Oscillospiraceae,Bacillota,WP_207749635,WP_196059716,REL_C6,REC_C4,-,27132-32662
420320,NZ_JANFXX010000006,Flavonifractor plautii,Oscillospiraceae,Bacillota,WP_256185932,WP_002571010,REL_C4,REC_C1,-,63811-69443
995171,NZ_JANFXX010000026,Flavonifractor plautii,Oscillospiraceae,Bacillota,WP_256170295,WP_256170291,REL_C0,REC_C0,-,8788-15032
102596,NZ_JANFXO010000002,Flavonifractor plautii,Oscillospiraceae,Bacillota,WP_256185932,WP_002571010,REL_C4,REC_C1,-,167682-173314
678632,NZ_WKPS01000075,Flavonifractor plautii,Oscillospiraceae,Bacillota,WP_002596230,WP_002596236,REL_C1,REC_C1,-,2922-8945
387673,NZ_JADNFP010000028,Faecalicatena contorta,Lachnospiraceae,Bacillota,WP_002596230,WP_002596236,REL_C1,REC_C1,-,49400-55423
127081,NZ_JAPFDU010000019,Blautia sp.,Lachnospiraceae,Bacillota,WP_002569237,WP_002569232,REL_C0,REC_C0,-,7410-12927
791922,NZ_CP102267,Blautia wexlerae DSM 19850,Lachnospiraceae,Bacillota,WP_025577956,WP_002594230,REL_C0,REC_C2,-,4410368-4416035
271683,NZ_QUGN01000006,Clostridium sp. AF19-22AC,Clostridiaceae,Bacillota,WP_002571015,WP_002571010,REL_C4,REC_C1,-,14073-19705
790941,NZ_JANGDT010000001,Blautia wexlerae,Lachnospiraceae,Bacillota,WP_256280351,WP_008704773,REL_C6,REC_C0,+,50013-55488
838201,NZ_JAAINE010000019,Blautia wexlerae,Lachnospiraceae,Bacillota,WP_044952032,WP_008704773,REL_C6,REC_C0,-,45086-50582
212222,NZ_CABHOF010000077,Blautia wexlerae,Lachnospiraceae,Bacillota,WP_002594235,WP_002594230,REL_C0,REC_C2,-,22567-28234
414350,NZ_JAAIPA010000011,Blautia wexlerae,Lachnospiraceae,Bacillota,WP_002594235,WP_002594230,REL_C0,REC_C2,+,43906-49573
203302,NZ_JAQLHP010000006,Blautia wexlerae,Lachnospiraceae,Bacillota,WP_044952032,WP_008704773,REL_C6,REC_C0,-,84053-89353
139176,NZ_WWVG01000004,Blautia wexlerae,Lachnospiraceae,Bacillota,WP_044952032,WP_008704773,REL_C6,REC_C0,-,35028-40524
282785,NZ_JAAIOX010000011,Blautia wexlerae,Lachnospiraceae,Bacillota,WP_002594235,WP_002594230,REL_C0,REC_C2,+,43906-49573
703949,NZ_JAAIOZ010000001,Blautia wexlerae,Lachnospiraceae,Bacillota,WP_002594235,WP_002594230,REL_C0,REC_C2,-,30760-36427
272074,NZ_JADNBV010000005,Blautia wexlerae,Lachnospiraceae,Bacillota,WP_044952032,WP_008704773,REL_C6,REC_C0,-,11872-17368
975970,NZ_JADPEC010000030,Blautia wexlerae,Lachnospiraceae,Bacillota,WP_044952032,WP_008704773,REL_C6,REC_C0,-,11944-17440
478522,NZ_JBBNFY010000027,Blautia wexlerae,Lachnospiraceae,Bacillota,WP_072851221,WP_002569232,REL_C0,REC_C0,+,12861-18380
178425,NZ_JAJCMI010000026,Blautia wexlerae,Lachnospiraceae,Bacillota,WP_002594235,WP_002594230,REL_C0,REC_C2,-,14804-20471
272241,NZ_WWVB01000002,Blautia wexlerae,Lachnospiraceae,Bacillota,WP_044952032,WP_008704773,REL_C6,REC_C0,-,132834-138330
918050,NZ_JAAITH010000016,Blautia wexlerae,Lachnospiraceae,Bacillota,WP_173701982,WP_008704773,REL_C6,REC_C0,-,58695-64191
189406,NZ_JAAINF010000016,Blautia wexlerae,Lachnospiraceae,Bacillota,WP_173701982,WP_008704773,REL_C6,REC_C0,-,58695-64191
277806,NZ_JAAOIB010000116,Blautia wexlerae,Lachnospiraceae,Bacillota,WP_002594235,WP_002594230,REL_C0,REC_C2,-,17585-23252
578763,NZ_JBDMHY010000042,Blautia wexlerae,Lachnospiraceae,Bacillota,WP_097786373,WP_003533408,REL_C10,REC_C3,+,11491-18130
883977,NZ_JAAITF010000012,Blautia wexlerae,Lachnospiraceae,Bacillota,WP_044952032,WP_008704773,REL_C6,REC_C0,-,45086-50582
784272,NZ_JAJBPL010000008,Blautia wexlerae,Lachnospiraceae,Bacillota,WP_002594235,WP_002594230,REL_C0,REC_C2,+,43888-49555
383525,NZ_AXVN01000013,Blautia wexlerae DSM 19850,Lachnospiraceae,Bacillota,WP_025577956,WP_002594230,REL_C0,REC_C2,-,38289-43956
482503,NZ_JAJEPZ010000018,Blautia wexlerae,Lachnospiraceae,Bacillota,WP_002594235,WP_002594230,REL_C0,REC_C2,-,25198-30865
140806,NZ_CALPDH010000008,Acetatifactor aquisgranensis,Lachnospiraceae,Bacillota,WP_251206827,WP_251206824,REL_C7,REC_C2,-,147166-153533
828691,NZ_JAGZSA010000010,Enterocloster clostridioformis,Lachnospiraceae,Bacillota,WP_003533417,WP_003533408,REL_C10,REC_C3,-,31156-37245
859103,NZ_JAWZAU010000031,Enterocloster bolteae,Lachnospiraceae,Bacillota,WP_002591341,WP_002591336,REL_C8,REC_C2,+,14974-20760
132734,NZ_JANKAI010000008,Enterocloster bolteae,Lachnospiraceae,Bacillota,WP_002591341,WP_002591336,REL_C8,REC_C2,-,111078-116864
504439,NZ_JADNDB010000011,Enterocloster bolteae,Lachnospiraceae,Bacillota,WP_025577956,WP_002594230,REL_C0,REC_C2,+,40886-46553
399247,NZ_JADMNW010000007,Enterocloster bolteae,Lachnospiraceae,Bacillota,WP_195637657,WP_195637651,REL_C0,REC_C0,-,50745-56259
782161,NZ_JAWZDE010000067,Enterocloster bolteae,Lachnospiraceae,Bacillota,WP_321022930,WP_321022927,REL_C0,REC_C0,-,61139-66791
551920,NZ_KB851187,Enterocloster bolteae 90A5,Lachnospiraceae,Bacillota,WP_002569237,WP_002569232,REL_C0,REC_C0,-,1740563-1746080
680999,NZ_KB851174,Enterocloster bolteae 90B7,Lachnospiraceae,Bacillota,WP_002569237,WP_002569232,REL_C0,REC_C0,-,367085-372602
417997,NZ_CP053229,Enterocloster bolteae,Lachnospiraceae,Bacillota,WP_002591341,WP_002591336,REL_C8,REC_C2,+,3236410-3242196
911796,NZ_JADNLR010000004,Enterocloster bolteae,Lachnospiraceae,Bacillota,WP_002594235,WP_002594230,REL_C0,REC_C2,-,157742-163409
891873,NZ_KB851143,Enterocloster bolteae 90B8,Lachnospiraceae,Bacillota,WP_002571015,WP_002571010,REL_C4,REC_C1,-,83589-89221
500774,NZ_JAKNDQ010000006,Enterocloster bolteae,Lachnospiraceae,Bacillota,WP_227128333,WP_002594230,REL_C0,REC_C2,-,86915-92582
951738,NZ_JAJCPT010000005,Enterocloster bolteae,Lachnospiraceae,Bacillota,WP_227128333,WP_002594230,REL_C0,REC_C2,-,86915-92582
111835,NZ_JAJCLG010000006,Enterocloster bolteae,Lachnospiraceae,Bacillota,WP_227128333,WP_002594230,REL_C0,REC_C2,-,86915-92582
560145,NZ_QUES01000011,Eisenbergiella sp. OF01-20,Lachnospiraceae,Bacillota,WP_055261120,WP_055222985,REL_C0,REC_C0,+,89271-94787
983138,NZ_JACOPB010000002,Hungatella hominis,Clostridiaceae,Bacillota,WP_187020573,WP_187020561,REL_C35,REC_C7,-,827316-833961
237696,NZ_JBDOJI010000023,Hungatella hominis,Clostridiaceae,Bacillota,WP_055221990,WP_256267047,REL_C3,REC_C0,+,110221-115721
535348,NZ_JAYBAA010000023,Hungatella effluvii,Clostridiaceae,Bacillota,WP_118029932,WP_337649676,REL_C8,REC_C2,+,92385-98157
923780,NZ_JAWYBK010000004,Enterocloster bolteae,Lachnospiraceae,Bacillota,WP_002591341,WP_002591336,REL_C8,REC_C2,+,12153-17939
305656,NZ_WUQX01000001,Sporofaciens musculi,Lachnospiraceae,Bacillota,WP_159750639,WP_159750635,REL_C7,REC_C2,-,1659432-1665165
480492,NZ_CATZOE010000018,Enterocloster bolteae,Lachnospiraceae,Bacillota,WP_002591341,WP_002591336,REL_C8,REC_C2,+,19878-25664
642933,NZ_LT969517,Eisenbergiella massiliensis,Lachnospiraceae,Bacillota,WP_003533417,WP_102287175,REL_C10,REC_C3,+,362888-368977
411776,NZ_JAWYUM010000030,Enterocloster clostridioformis,Lachnospiraceae,Bacillota,WP_002594235,WP_002594230,REL_C0,REC_C2,-,3687-9354
921512,NZ_JAAISW010000062,Enterocloster clostridioformis,Lachnospiraceae,Bacillota,WP_002569237,WP_002569232,REL_C0,REC_C0,-,17267-22784
457917,NZ_KB850940,Clostridium clostridioforme CM201,Clostridiaceae,Bacillota,WP_002596496,WP_002594230,REL_C0,REC_C2,-,7473-13140
854498,NZ_BJLB01000001,Enterocloster clostridioformis,Lachnospiraceae,Bacillota,WP_117823342,WP_002569232,REL_C0,REC_C0,+,866774-872291
945868,NZ_CAOSKL010000090,Enterocloster clostridioformis,Lachnospiraceae,Bacillota,WP_065548059,WP_065548053,REL_C7,REC_C2,-,2286-8555
871747,NZ_KB850986,Clostridium clostridioforme 90A8,Clostridiaceae,Bacillota,WP_002594235,WP_002594230,REL_C0,REC_C2,-,38270-43937
672373,NZ_JAJFEB010000010,Lachnoclostridium pacaense,Lachnospiraceae,Bacillota,WP_227796339,WP_002569232,REL_C0,REC_C0,+,46346-51863
306079,NZ_RHJS01000002,Schaedlerella arabinosiphila,Lachnospiraceae,Bacillota,WP_125129106,WP_125129111,REL_C7,REC_C2,+,4829933-4836261
866630,NZ_SPHO01000006,Clostridium sp. 1001271st1 H5,Clostridiaceae,Bacillota,WP_002594235,WP_002594230,REL_C0,REC_C2,+,153584-159251
143154,NZ_VUMI01000076,Eisenbergiella porci,Lachnospiraceae,Bacillota,WP_154468108,WP_154468106,REL_C18,REC_C0,-,3233-9240
328224,NZ_VUMI01000065,Eisenbergiella porci,Lachnospiraceae,Bacillota,WP_154467872,WP_154467876,REL_C19,REC_C0,+,21253-27478
629204,NZ_JADMYD010000006,Clostridium sp. 1001271B_150615_H5,Clostridiaceae,Bacillota,WP_002594235,WP_002594230,REL_C0,REC_C2,+,153584-159251
889385,NZ_JANGCC010000050,Blautia producta,Lachnospiraceae,Bacillota,WP_002584974,WP_074754402,REL_C1,REC_C1,+,35433-41072
998976,NZ_CABJCG010000013,Enterocloster lavalensis,Lachnospiraceae,Bacillota,WP_115623682,WP_115623677,REL_C7,REC_C2,-,136672-142399
221303,NZ_JAJCRP010000011,Enterocloster lavalensis,Lachnospiraceae,Bacillota,WP_014078531,WP_014078536,REL_C0,REC_C0,-,138050-143570
619058,NZ_WQPS01000014,Enterocloster citroniae,Lachnospiraceae,Bacillota,WP_002594235,WP_002594230,REL_C0,REC_C2,+,69506-75173
693274,NZ_JH376420,Clostridium citroniae WAL-17108,Clostridiaceae,Bacillota,WP_002594235,WP_002594230,REL_C0,REC_C2,-,1398396-1404063
443229,NZ_JANFYJ010000005,Hungatella sp. SL.1.14,Clostridiaceae,Bacillota,WP_006773200,WP_006773196,REL_C0,REC_C0,+,180428-185945
583669,NZ_CAKOCO010000027,Hungatella effluvii,Clostridiaceae,Bacillota,WP_242356510,WP_103242803,REL_C7,REC_C2,-,40665-46402
203594,NZ_JBBNIW010000268,Blautia wexlerae,Lachnospiraceae,Bacillota,WP_002594235,WP_002594230,REL_C0,REC_C2,-,25195-30862
721657,NZ_JAAITE010000019,Blautia wexlerae,Lachnospiraceae,Bacillota,WP_002594235,WP_002594230,REL_C0,REC_C2,+,10645-16312
386419,NZ_JADPAO010000018,Agathobacter rectalis,Lachnospiraceae,Bacillota,WP_009259846,WP_195488931,REL_C3,REC_C0,-,37256-42866
701217,NZ_QSQP01000005,Agathobacter rectalis,Lachnospiraceae,Bacillota,WP_002602093,WP_002605633,REL_C2,REC_C0,-,156596-162088
232561,NZ_QRXG01000014,Agathobacter rectalis,Lachnospiraceae,Bacillota,WP_002571015,WP_002571010,REL_C4,REC_C1,+,33663-39295
515729,NZ_QRXF01000014,Agathobacter rectalis,Lachnospiraceae,Bacillota,WP_002571015,WP_002571010,REL_C4,REC_C1,+,33328-38960
967854,NC_012781,Agathobacter rectalis ATCC 33656,Lachnospiraceae,Bacillota,WP_041254743,WP_012744300,REL_C0,REC_C0,-,3353118-3358757
704637,NZ_JAAISC010000010,Agathobacter rectalis,Lachnospiraceae,Bacillota,WP_173849125,WP_173849127,REL_C8,REC_C2,+,12402-17612
649962,NZ_JAAISB010000011,Agathobacter rectalis,Lachnospiraceae,Bacillota,WP_173849125,WP_173849127,REL_C8,REC_C2,+,12402-17612
544635,NZ_JAAISG010000011,Agathobacter rectalis,Lachnospiraceae,Bacillota,WP_173849125,WP_173849127,REL_C8,REC_C2,+,12402-17612
371994,NZ_JAAISD010000011,Agathobacter rectalis,Lachnospiraceae,Bacillota,WP_173849125,WP_173849127,REL_C8,REC_C2,+,12402-17612
411285,NZ_JAAISF010000012,Agathobacter rectalis,Lachnospiraceae,Bacillota,WP_173849125,WP_173849127,REL_C8,REC_C2,+,12402-17612
145877,NZ_JAAISE010000011,Agathobacter rectalis,Lachnospiraceae,Bacillota,WP_173849125,WP_173849127,REL_C8,REC_C2,+,12402-17612
348742,NZ_CP092643,Agathobacter rectalis,Lachnospiraceae,Bacillota,WP_041254743,WP_012744300,REL_C0,REC_C0,-,3354918-3360557
410629,NZ_JAJFBX010000014,Agathobacter rectalis,Lachnospiraceae,Bacillota,WP_173849125,WP_173849127,REL_C8,REC_C2,-,65945-71155
248400,NZ_JAQLKF010000002,Thomasclavelia ramosa,Coprobacillaceae,Bacillota,WP_028078549,WP_195991703,REL_C0,REC_C0,-,56420-62913
157972,NZ_JADPBJ010000004,Thomasclavelia ramosa,Coprobacillaceae,Bacillota,WP_028078549,WP_195991703,REL_C0,REC_C0,-,108047-114540
957730,NZ_JAJFCP010000001,Blautia sp. MSK22_86,Lachnospiraceae,Bacillota,WP_025483260,WP_025483265,REL_C8,REC_C2,+,306244-312030
196124,NZ_JAQMME010000004,Ruminococcus sp. 1001136sp1,Oscillospiraceae,Bacillota,WP_195991320,WP_195991316,REL_C4,REC_C1,-,53669-60258
368019,NZ_JAQLYC010000019,Agathobacter rectalis,Lachnospiraceae,Bacillota,WP_009259846,WP_195488931,REL_C3,REC_C0,-,37257-42867
585837,NZ_CYYR01000001,Roseburia inulinivorans,Lachnospiraceae,Bacillota,WP_055300855,WP_055300846,REL_C6,REC_C0,-,162599-168764
670601,NZ_QROF01000002,Agathobacter rectalis,Lachnospiraceae,Bacillota,WP_109215852,WP_012744300,REL_C0,REC_C0,+,253766-259279
186232,NZ_JAQLYE010000020,Agathobacter rectalis,Lachnospiraceae,Bacillota,WP_009259846,WP_195488931,REL_C3,REC_C0,-,38882-44492
764485,NZ_JADMWG010000012,Anaerotruncus colihominis,Oscillospiraceae,Bacillota,WP_195309446,WP_195309452,REL_C32,REC_C0,-,70644-65407
780670,NZ_JADPEX010000004,Ruminococcus sp. 1001713B170207_170306_F1,Oscillospiraceae,Bacillota,WP_195991320,WP_195991316,REL_C4,REC_C1,-,53669-60258
948937,NZ_NFLE01000009,Lachnoclostridium sp. An14,Lachnospiraceae,Bacillota,WP_087221296,WP_069988280,REL_C4,REC_C1,+,50433-56069
194096,NZ_GG657561,Holdemania filiformis DSM 12042,Erysipelotrichaceae,Bacillota,WP_006060462,WP_006060466,REL_C18,REC_C0,+,289804-294931
277176,NZ_JADPFT010000009,Intestinimonas butyriciproducens,Unnammed,Bacillota,WP_195974161,WP_050617400,REL_C0,REC_C0,-,91844-97357
190878,NZ_JAQLWD010000001,Intestinimonas butyriciproducens,Unnammed,Bacillota,WP_195974161,WP_050617400,REL_C0,REC_C0,+,10767-16280
852722,NZ_JAQLWB010000006,Intestinimonas butyriciproducens,Unnammed,Bacillota,WP_195974161,WP_050617400,REL_C0,REC_C0,+,13747-19260
278938,NZ_JAQLWC010000001,Intestinimonas butyriciproducens,Unnammed,Bacillota,WP_195974161,WP_050617400,REL_C0,REC_C0,+,13747-19260
100935,NZ_JANKAR010000010,Intestinimonas butyriciproducens,Unnammed,Bacillota,WP_002596230,WP_002596236,REL_C1,REC_C1,+,63010-69033
251988,NZ_QEKK01000006,Intestinimonas butyriciproducens,Unnammed,Bacillota,WP_002596230,WP_002596236,REL_C1,REC_C1,+,63028-69051
123949,NZ_CP011524,Intestinimonas butyriciproducens,Unnammed,Bacillota,WP_002596230,WP_002596236,REL_C1,REC_C1,+,733761-739784
333514,NZ_JADMRO010000010,Intestinimonas butyriciproducens,Unnammed,Bacillota,WP_002602093,WP_002605633,REL_C2,REC_C0,+,74237-79729
564641,NZ_MJII01000001,Intestinimonas butyriciproducens,Unnammed,Bacillota,WP_075704893,WP_074754402,REL_C1,REC_C1,-,2432670-2438309
126669,NZ_JBCJAI010000002,Intestinimonas butyriciproducens,Unnammed,Bacillota,WP_208318623,WP_005921270,REL_C0,REC_C0,-,268088-273607
113792,NZ_JACSOA010000005,Intestinimonas butyriciproducens,Unnammed,Bacillota,WP_204738442,WP_204738445,REL_C9,REC_C1,+,70868-76431
685330,NZ_JABFHK010000002,Intestinimonas butyriciproducens,Unnammed,Bacillota,WP_208318623,WP_005921270,REL_C0,REC_C0,+,196457-201976
402158,NZ_JANFYL010000005,Agathobacter rectalis,Lachnospiraceae,Bacillota,WP_306786050,WP_306786052,REL_C22,REC_C0,+,23787-29287
490782,NZ_JAQLYD010000018,Agathobacter rectalis,Lachnospiraceae,Bacillota,WP_009259846,WP_195488931,REL_C3,REC_C0,-,43812-49422
790057,NZ_JAAITN010000022,Blautia wexlerae,Lachnospiraceae,Bacillota,WP_002594235,WP_002594230,REL_C0,REC_C2,+,10470-16137
516528,NZ_QRVS01000038,Roseburia inulinivorans,Lachnospiraceae,Bacillota,WP_044945864,WP_097800099,REL_C3,REC_C0,-,26294-31793
831710,NZ_CYXX01000006,Roseburia inulinivorans,Lachnospiraceae,Bacillota,WP_055168494,WP_002569232,REL_C0,REC_C0,+,96278-101794
977455,NZ_QROE01000003,Blautia obeum,Lachnospiraceae,Bacillota,WP_117962497,WP_117962491,REL_C0,REC_C0,+,221482-227001
949793,NZ_CABJDZ010000001,Blautia obeum,Lachnospiraceae,Bacillota,WP_002594235,WP_002594230,REL_C0,REC_C2,+,78863-84530
883274,NZ_CABJDZ010000003,Blautia obeum,Lachnospiraceae,Bacillota,WP_117962497,WP_117962491,REL_C0,REC_C0,+,221482-227001
195345,NZ_JAKNGT010000009,Blautia obeum,Lachnospiraceae,Bacillota,WP_014078531,WP_014078536,REL_C0,REC_C0,-,70518-76038
605172,NZ_JAAIPS010000005,Blautia obeum,Lachnospiraceae,Bacillota,WP_173745248,WP_012744300,REL_C0,REC_C0,-,64518-70035
455246,NZ_JAQKQN010000007,Blautia wexlerae,Lachnospiraceae,Bacillota,WP_195990584,WP_002594230,REL_C0,REC_C2,-,10791-16458
419606,NZ_JADPAT010000007,Blautia wexlerae,Lachnospiraceae,Bacillota,WP_195990584,WP_002594230,REL_C0,REC_C2,-,10791-16458
850786,NZ_JBDPBK010000059,Blautia wexlerae,Lachnospiraceae,Bacillota,WP_044952032,WP_008704773,REL_C6,REC_C0,-,3771-9267
244578,NZ_JBDPBG010000072,Blautia wexlerae,Lachnospiraceae,Bacillota,WP_044952032,WP_008704773,REL_C6,REC_C0,-,3607-9103
533595,NZ_JAQKQQ010000005,Blautia wexlerae,Lachnospiraceae,Bacillota,WP_002594235,WP_002594230,REL_C0,REC_C2,-,121167-126834
254794,NZ_JAQKQP010000004,Blautia wexlerae,Lachnospiraceae,Bacillota,WP_002594235,WP_002594230,REL_C0,REC_C2,-,121168-126835
388286,NZ_JAQKQO010000005,Blautia wexlerae,Lachnospiraceae,Bacillota,WP_002594235,WP_002594230,REL_C0,REC_C2,-,121068-126735
971031,NZ_JBDPBD010000084,Blautia wexlerae,Lachnospiraceae,Bacillota,WP_044952032,WP_008704773,REL_C6,REC_C0,-,3607-9103
800442,NZ_JAJBNM010000019,Blautia wexlerae,Lachnospiraceae,Bacillota,WP_002594235,WP_002594230,REL_C0,REC_C2,+,10470-16137
955902,NZ_JADMYT010000026,Blautia wexlerae,Lachnospiraceae,Bacillota,WP_014078531,WP_014078536,REL_C0,REC_C0,+,11284-16804
877966,NZ_JADNMI010000021,Blautia wexlerae,Lachnospiraceae,Bacillota,WP_002594235,WP_002594230,REL_C0,REC_C2,-,7205-12872
900808,NZ_JAAITO010000016,Blautia wexlerae,Lachnospiraceae,Bacillota,WP_002594235,WP_002594230,REL_C0,REC_C2,+,10470-16137
114951,NZ_QROE01000001,Blautia obeum,Lachnospiraceae,Bacillota,WP_002594235,WP_002594230,REL_C0,REC_C2,+,78863-84530
579821,NZ_CVRS01000082,Roseburia inulinivorans,Lachnospiraceae,Bacillota,WP_003533417,WP_003533408,REL_C10,REC_C3,-,33526-39615
301862,NC_021022,Blautia obeum A2-162,Lachnospiraceae,Bacillota,WP_002594235,WP_002594230,REL_C0,REC_C2,+,3616750-3622417
504638,NZ_JAQDGF010000001,Blautia obeum,Lachnospiraceae,Bacillota,WP_270394148,WP_120021089,REL_C0,REC_C0,+,87664-93180
264867,NZ_QSFX01000006,Roseburia inulinivorans,Lachnospiraceae,Bacillota,WP_118580381,WP_118580366,REL_C4,REC_C1,-,86525-92149
552984,NZ_CABJFX010000006,Roseburia inulinivorans,Lachnospiraceae,Bacillota,WP_118580381,WP_118580366,REL_C4,REC_C1,-,86525-92149
583699,NZ_ACFY01000044,Roseburia inulinivorans DSM 16841,Lachnospiraceae,Bacillota,WP_002594235,WP_002594230,REL_C0,REC_C2,+,8771-14438
943899,NZ_JAJFOJ010000001,Roseburia inulinivorans DSM 16841,Lachnospiraceae,Bacillota,WP_002594235,WP_002594230,REL_C0,REC_C2,+,694747-700414
201588,NZ_VUNJ01000004,Ruthenibacterium lactatiformans,Oscillospiraceae,Bacillota,WP_154521982,WP_154522003,REL_C30,REC_C5,+,134768-141569
639436,NZ_JAQFBT010000029,Ruthenibacterium lactatiformans,Oscillospiraceae,Bacillota,WP_119972746,WP_005921270,REL_C0,REC_C0,+,15482-20995
409096,NZ_JAFHCH010000028,Ruthenibacterium lactatiformans,Oscillospiraceae,Bacillota,WP_154467872,WP_154467876,REL_C19,REC_C0,-,23640-29865
672168,NZ_WMZQ01000009,Ruthenibacterium lactatiformans,Oscillospiraceae,Bacillota,WP_172725957,WP_033509557,REL_C4,REC_C1,-,73587-79228
165909,NC_021040,Roseburia intestinalis M50/1,Lachnospiraceae,Bacillota,WP_208888252,WP_015559868,REL_C0,REC_C0,+,960157-965676
296596,NZ_JAQEFF010000024,Roseburia intestinalis,Lachnospiraceae,Bacillota,WP_118021152,WP_120021089,REL_C0,REC_C0,-,6782-12295
595593,NZ_QSHO01000006,Roseburia intestinalis,Lachnospiraceae,Bacillota,WP_109215852,WP_098924870,REL_C0,REC_C0,-,204793-210306
790627,NZ_QRPI01000037,Roseburia intestinalis,Lachnospiraceae,Bacillota,WP_003533417,WP_118413595,REL_C10,REC_C3,-,6699-12788
694242,NZ_CP102289,Roseburia intestinalis,Lachnospiraceae,Bacillota,WP_002594235,WP_134523194,REL_C0,REC_C2,+,1552233-1557900
559408,NZ_LR027880,Roseburia intestinalis L1-82,Lachnospiraceae,Bacillota,WP_002594235,WP_134523194,REL_C0,REC_C2,+,1559572-1565239
628382,NZ_JAJCIC010000045,Lacrimispora sp. 210928-DFI.3.58,Lachnospiraceae,Bacillota,WP_002596496,WP_227148885,REL_C0,REC_C2,+,16377-22044
672639,NZ_CABJAI010000031,Eubacterium callanderi,Eubacteriaceae,Bacillota,WP_119189889,WP_148430726,REL_C4,REC_C1,-,3282-9596
193487,NZ_JAHLOB010000004,Eubacterium callanderi,Eubacteriaceae,Bacillota,WP_002571015,WP_002571010,REL_C4,REC_C1,-,75060-80692
975188,NZ_QSGT01000009,Blautia obeum,Lachnospiraceae,Bacillota,WP_002602093,WP_002605633,REL_C2,REC_C0,-,63267-68759
111416,NZ_CABIWA010000028,Anaerotruncus colihominis,Oscillospiraceae,Bacillota,WP_110441880,WP_110441882,REL_C6,REC_C4,-,3131-8662
858474,NZ_JAWZIV010000051,Hungatella effluvii,Clostridiaceae,Bacillota,WP_118077863,WP_118077861,REL_C6,REC_C0,-,20286-25784
229208,NZ_JBDMEG010000020,Hungatella hathewayi,Clostridiaceae,Bacillota,WP_055155943,WP_005933734,REL_C3,REC_C0,+,97648-103150
733944,NZ_CALPCP010000012,Flintibacter muris,Unnammed,Bacillota,WP_251317890,WP_251317887,REL_C7,REC_C2,-,69357-75108
734657,NC_021012,Roseburia intestinalis XB6B4,Lachnospiraceae,Bacillota,WP_154251100,WP_015521919,REL_C0,REC_C0,+,3317019-3322536
539749,NZ_JADNJF010000016,Roseburia intestinalis,Lachnospiraceae,Bacillota,WP_195441646,WP_195441643,REL_C0,REC_C0,-,3836-10058
425267,NZ_WNAJ01000042,Roseburia intestinalis,Lachnospiraceae,Bacillota,WP_003533417,WP_118413595,REL_C10,REC_C3,-,6821-12910
317106,NZ_CP132137,Eubacterium callanderi,Eubacteriaceae,Bacillota,WP_119189889,WP_148430726,REL_C4,REC_C1,+,1670913-1677227
877509,NZ_JAQKQR010000001,Blautia wexlerae,Lachnospiraceae,Bacillota,WP_002594235,WP_002594230,REL_C0,REC_C2,-,147765-153432
916487,NZ_JADPCB010000001,Blautia wexlerae,Lachnospiraceae,Bacillota,WP_002594235,WP_002594230,REL_C0,REC_C2,-,147765-153432
853658,NZ_JBCITW010000012,Blautia wexlerae,Lachnospiraceae,Bacillota,WP_044952032,WP_008704773,REL_C6,REC_C0,-,44880-50376
396671,NZ_JAAIOW010000001,Blautia wexlerae,Lachnospiraceae,Bacillota,WP_002594235,WP_002594230,REL_C0,REC_C2,+,181060-186727
979634,NZ_WWVH01000038,Blautia wexlerae,Lachnospiraceae,Bacillota,WP_044952032,WP_008704773,REL_C6,REC_C0,+,23686-29182
608717,NZ_JAAIOU010000001,Blautia wexlerae,Lachnospiraceae,Bacillota,WP_002594235,WP_002594230,REL_C0,REC_C2,+,181036-186703
207089,NZ_JAAIOT010000001,Blautia wexlerae,Lachnospiraceae,Bacillota,WP_002594235,WP_002594230,REL_C0,REC_C2,+,181265-186932
824337,NZ_JAAIMU010000001,Blautia wexlerae,Lachnospiraceae,Bacillota,WP_002594235,WP_002594230,REL_C0,REC_C2,+,181036-186703
480209,NZ_JAAIOS010000001,Blautia wexlerae,Lachnospiraceae,Bacillota,WP_002594235,WP_002594230,REL_C0,REC_C2,+,181060-186727
487058,NZ_JAAIOR010000001,Blautia wexlerae,Lachnospiraceae,Bacillota,WP_002594235,WP_002594230,REL_C0,REC_C2,+,181060-186727
724396,NZ_JAAIOY010000012,Blautia wexlerae,Lachnospiraceae,Bacillota,WP_002594235,WP_002594230,REL_C0,REC_C2,+,43905-49572
259878,NZ_JAAIOV010000009,Blautia wexlerae,Lachnospiraceae,Bacillota,WP_002594235,WP_002594230,REL_C0,REC_C2,+,43905-49572
261292,NZ_JARFIR010000003,Blautia schinkii,Lachnospiraceae,Bacillota,WP_014078531,WP_014078536,REL_C0,REC_C0,-,171464-176984
242989,NZ_WQPZ01000190,Blautia wexlerae,Lachnospiraceae,Bacillota,WP_002594235,WP_002594230,REL_C0,REC_C2,+,111726-117393
804680,NZ_JANGBT010000002,Ruthenibacterium lactatiformans,Oscillospiraceae,Bacillota,WP_002594235,WP_002594230,REL_C0,REC_C2,-,152942-158609
415882,NZ_QRHP01000017,Roseburia inulinivorans,Lachnospiraceae,Bacillota,WP_109215852,WP_118203688,REL_C0,REC_C0,-,16724-22237
315652,NZ_QUEH01000027,Clostridium sp. AF32-12BH,Clostridiaceae,Bacillota,WP_002594235,WP_002594230,REL_C0,REC_C2,-,9663-15330
886331,NZ_QUGO01000027,Blautia sp. AF19-13LB,Lachnospiraceae,Bacillota,WP_109215852,WP_098924870,REL_C0,REC_C0,+,18874-24387
393450,NZ_NFJL01000030,Blautia sp. An249,Lachnospiraceae,Bacillota,WP_087226733,WP_087226746,REL_C23,REC_C1,+,22567-28194
478485,NZ_JBDMOJ010000030,Anaerotruncus colihominis,Oscillospiraceae,Bacillota,WP_110441880,WP_110441882,REL_C6,REC_C4,+,22002-27533
373437,NZ_JBDMOK010000019,Anaerotruncus colihominis,Oscillospiraceae,Bacillota,WP_110441880,WP_110441882,REL_C6,REC_C4,+,67537-73068
310527,NZ_JANFXI010000020,Anaerotruncus colihominis,Oscillospiraceae,Bacillota,WP_110441880,WP_110441882,REL_C6,REC_C4,+,67587-73118
559657,NZ_PSQG01000033,Blautia obeum,Lachnospiraceae,Bacillota,WP_114002801,WP_114002799,REL_C0,REC_C0,-,25194-30833
333889,NZ_QRYY01000013,Blautia obeum,Lachnospiraceae,Bacillota,WP_118037236,WP_117888472,REL_C0,REC_C0,-,92973-98489
525083,NZ_QSJW01000004,Blautia obeum,Lachnospiraceae,Bacillota,WP_117962497,WP_117962491,REL_C0,REC_C0,-,190496-196015
702045,NZ_JAJCJV010000004,Blautia obeum,Lachnospiraceae,Bacillota,WP_014078531,WP_014078536,REL_C0,REC_C0,-,70518-76038
230607,NZ_JAJCKL010000004,Blautia obeum,Lachnospiraceae,Bacillota,WP_014078531,WP_014078536,REL_C0,REC_C0,-,23188-28708
342812,NZ_QRUH01000011,Blautia obeum,Lachnospiraceae,Bacillota,WP_109215852,WP_098924870,REL_C0,REC_C0,-,82132-87645
157158,NZ_QSQP01000012,Agathobacter rectalis,Lachnospiraceae,Bacillota,WP_109215852,WP_098924870,REL_C0,REC_C0,+,60416-65929
118685,NZ_QRUJ01000014,Agathobacter rectalis,Lachnospiraceae,Bacillota,WP_109215852,WP_098924870,REL_C0,REC_C0,-,24027-29540
967754,NZ_QRPB01000004,Agathobacter rectalis,Lachnospiraceae,Bacillota,WP_097786373,WP_118375092,REL_C10,REC_C3,+,109203-115276
580053,NZ_JAQLKE010000011,Thomasclavelia ramosa,Coprobacillaceae,Bacillota,WP_028078549,WP_195991703,REL_C0,REC_C0,-,96811-103304
697926,NZ_NFHH01000016,Blautia sp. An81,Lachnospiraceae,Bacillota,WP_087418077,WP_087418073,REL_C4,REC_C1,-,78564-84200
417882,NZ_QSKW01000001,Roseburia inulinivorans,Lachnospiraceae,Bacillota,WP_002569237,WP_002569232,REL_C0,REC_C0,-,171651-177168
543780,NZ_JAAINI010000028,Fusicatenibacter saccharivorans,Lachnospiraceae,Bacillota,WP_002602093,WP_002605633,REL_C2,REC_C0,+,12238-17730
954649,NZ_WWVE01000007,Blautia wexlerae,Lachnospiraceae,Bacillota,WP_044952032,WP_008704773,REL_C6,REC_C0,+,68747-74243
523624,NZ_WWVC01000017,Blautia wexlerae,Lachnospiraceae,Bacillota,WP_044952032,WP_008704773,REL_C6,REC_C0,-,5468-10964
983309,NZ_BJLB01000001,Enterocloster clostridioformis,Lachnospiraceae,Bacillota,WP_141267610,WP_118515737,REL_C4,REC_C1,+,2255791-2262380
130352,NZ_UAVW01000015,Enterocloster clostridioformis,Lachnospiraceae,Bacillota,WP_002584974,WP_074754402,REL_C1,REC_C1,+,263601-269240
332845,NZ_JAIWZC010000002,Enterocloster clostridioformis,Lachnospiraceae,Bacillota,WP_002584974,WP_074754402,REL_C1,REC_C1,-,412577-418216
729482,NZ_JAJCRP010000011,Enterocloster lavalensis,Lachnospiraceae,Bacillota,WP_044983951,WP_009255332,REL_C11,REC_C3,+,82397-87921
283216,NZ_QVLV01000008,Eisenbergiella massiliensis,Lachnospiraceae,Bacillota,WP_109215852,WP_098924870,REL_C0,REC_C0,+,237740-243253
735454,NZ_JANFYA010000015,Enterocloster bolteae,Lachnospiraceae,Bacillota,WP_256170295,WP_256170291,REL_C0,REC_C0,-,20671-26915
410856,NZ_JAKNDS010000005,Enterocloster bolteae,Lachnospiraceae,Bacillota,WP_227128333,WP_002594230,REL_C0,REC_C2,+,334458-340125
749776,NZ_CAKOCO010000007,Hungatella effluvii,Clostridiaceae,Bacillota,WP_242353976,WP_242353969,REL_C7,REC_C2,-,45725-52150
463555,NZ_JAQDKQ010000050,Hungatella effluvii,Clostridiaceae,Bacillota,WP_003533417,WP_003533408,REL_C10,REC_C3,-,9437-15526
883415,NZ_CZAZ01000009,Hungatella hathewayi,Clostridiaceae,Bacillota,WP_002602093,WP_002605633,REL_C2,REC_C0,-,165521-171014
984099,NZ_KB850953,Hungatella hathewayi 12489931,Clostridiaceae,Bacillota,WP_002602093,WP_002605633,REL_C2,REC_C0,-,251879-257371
113820,NZ_WNME01000011,Hungatella hathewayi,Clostridiaceae,Bacillota,WP_155560819,WP_002594230,REL_C0,REC_C2,-,116027-121694
788978,NZ_WQPR01000140,Hungatella hathewayi,Clostridiaceae,Bacillota,WP_002594235,WP_002594230,REL_C0,REC_C2,+,354882-360549
592576,NZ_BQNJ01000002,Hungatella hathewayi,Clostridiaceae,Bacillota,WP_002596496,WP_002594230,REL_C0,REC_C2,+,405357-411024
993839,NZ_BQNK01000001,Hungatella hathewayi,Clostridiaceae,Bacillota,WP_002596496,WP_002594230,REL_C0,REC_C2,-,4829040-4834707
611503,NZ_JBBNHQ010000055,Eisenbergiella tayi,Lachnospiraceae,Bacillota,WP_002594235,WP_002594230,REL_C0,REC_C2,+,31903-37570
945678,NZ_JAJCRP010000001,Enterocloster lavalensis,Lachnospiraceae,Bacillota,WP_227167307,WP_227167305,REL_C6,REC_C0,-,726679..732167
724961,NZ_JADMWI010000077,Enterocloster clostridioformis,Lachnospiraceae,Bacillota,WP_138262890,WP_122789098,REL_C9,REC_C1,-,15411-20975
674524,NZ_WWVF01000006,Blautia wexlerae,Lachnospiraceae,Bacillota,WP_044952032,WP_008704773,REL_C6,REC_C0,+,68717-74213
847084,NZ_SPGN01000077,Enterocloster clostridioformis,Lachnospiraceae,Bacillota,WP_138262890,WP_122789098,REL_C9,REC_C1,-,15411-20975
628492,NZ_WKPR01000019,Flavonifractor plautii,Oscillospiraceae,Bacillota,WP_025653849,WP_009259632,REL_C12,REC_C1,-,65780-71524
420298,NZ_WWVA01000004,Blautia wexlerae,Lachnospiraceae,Bacillota,WP_044952032,WP_008704773,REL_C6,REC_C0,+,68747-74243
740861,NZ_WWUZ01000007,Blautia wexlerae,Lachnospiraceae,Bacillota,WP_044952032,WP_008704773,REL_C6,REC_C0,+,68747-74243
127664,NZ_WWVD01000006,Blautia wexlerae,Lachnospiraceae,Bacillota,WP_044952032,WP_008704773,REL_C6,REC_C0,+,68645-74141
698070,NZ_JBCLNB010000006,Blautia wexlerae,Lachnospiraceae,Bacillota,WP_340282756,WP_055222985,REL_C0,REC_C0,+,59304-64796
239465,NZ_JAQKQW010000027,Blautia wexlerae,Lachnospiraceae,Bacillota,WP_002594235,WP_002594230,REL_C0,REC_C2,+,33228-38895
309170,NZ_JAQKQV010000040,Blautia wexlerae,Lachnospiraceae,Bacillota,WP_002594235,WP_002594230,REL_C0,REC_C2,+,33228-38895
882990,NZ_JAQDHU010000027,Blautia faecis,Lachnospiraceae,Bacillota,WP_002602093,WP_002605633,REL_C2,REC_C0,-,46263-51755
949173,NZ_JAKNGB010000025,Blautia faecis,Lachnospiraceae,Bacillota,WP_002594235,WP_002594230,REL_C0,REC_C2,-,24566-30233
574478,NZ_JACRTO010000005,Blautia faecis,Lachnospiraceae,Bacillota,WP_117739289,WP_097839336,REL_C0,REC_C0,+,102321-108607
951610,NZ_JAVSND010000008,Blautia faecis,Lachnospiraceae,Bacillota,WP_055146293,WP_055146307,REL_C15,REC_C4,-,35727-42028
115042,NZ_JAJBMY010000003,Blautia faecis,Lachnospiraceae,Bacillota,WP_117739289,WP_097839336,REL_C0,REC_C0,+,11812-18098
997289,NZ_JAJBMR010000028,Flavonifractor plautii,Oscillospiraceae,Bacillota,WP_002596230,WP_002596236,REL_C1,REC_C1,+,22608-28631
337651,NZ_SLXC01000003,Flavonifractor plautii DSM 6740,Oscillospiraceae,Bacillota,WP_165924310,WP_005933734,REL_C3,REC_C0,-,292882-298381
101907,NZ_JAKNGR010000043,Flavonifractor plautii,Oscillospiraceae,Bacillota,WP_238069078,WP_238069082,REL_C0,REC_C0,+,20769-26285
220849,NZ_JANFXY010000003,Flavonifractor plautii,Oscillospiraceae,Bacillota,WP_256185932,WP_002571010,REL_C4,REC_C1,+,123842-129474
780862,NZ_JAQLWY010000016,Flavonifractor plautii,Oscillospiraceae,Bacillota,WP_334261695,WP_196059716,REL_C6,REC_C4,-,109862-115392
333814,NZ_JBDPDT010000004,Flavonifractor plautii,Oscillospiraceae,Bacillota,WP_334261695,WP_196059716,REL_C6,REC_C4,-,182778-188308
296320,NZ_CABJCL010000006,Faecalicatena orotica,Lachnospiraceae,Bacillota,WP_002571015,WP_002571010,REL_C4,REC_C1,-,14073-19705
180006,NZ_JAWYBC010000014,Hungatella effluvii,Clostridiaceae,Bacillota,WP_320968878,WP_069432565,REL_C0,REC_C0,-,35077-40594
468546,NZ_CZAL01000009,Fusicatenibacter saccharivorans,Lachnospiraceae,Bacillota,WP_002594235,WP_002594230,REL_C0,REC_C2,+,89693-95360
823201,NZ_JAKNFY010000010,Fusicatenibacter saccharivorans,Lachnospiraceae,Bacillota,WP_055155943,WP_005933734,REL_C3,REC_C0,-,84461-89963
175739,NZ_JAHLPO010000013,Intestinimonas sp. MSJ-38,Unnammed,Bacillota,WP_216504194,WP_216504196,REL_C6,REC_C4,+,19909-25994
996023,NZ_BHGK01000001,Mediterraneibacter butyricigenes,Lachnospiraceae,Bacillota,WP_170141691,WP_119297780,REL_C3,REC_C0,-,1135558-1141059
431630,NZ_JBBNHX010000037,Hominilimicola fabiformis,Oscillospiraceae,Bacillota,WP_002594235,WP_002594230,REL_C0,REC_C2,-,28183-33850
262994,NZ_QUDY01000015,Clostridium sp. AF35-15,Clostridiaceae,Bacillota,WP_117659857,WP_118472992,REL_C0,REC_C2,-,9515-15179
220071,NZ_QUFU01000014,Butyricicoccus sp. AF24-19AC,Clostridiaceae,Bacillota,WP_202191447,WP_117465426,REL_C3,REC_C0,-,8988-14488
623672,NZ_QULO01000015,Roseburia sp. OM04-15AA,Lachnospiraceae,Bacillota,WP_117946831,WP_117946828,REL_C0,REC_C0,-,39232-44748
705799,NZ_JAJCNB010000015,Dorea sp. 210702-DFI.3.17,Lachnospiraceae,Bacillota,WP_002584974,WP_227143241,REL_C1,REC_C1,-,18165-23804
311113,NZ_QUJT01000014,Clostridium sp. AM27-28,Clostridiaceae,Bacillota,WP_002594235,WP_002594230,REL_C0,REC_C2,+,34312-39979
547853,NZ_QUFM01000002,Roseburia sp. AF25-18LB,Lachnospiraceae,Bacillota,WP_002602093,WP_002605633,REL_C2,REC_C0,+,62524-68016
753968,NZ_QUIV01000024,Clostridium sp. AM33-3,Clostridiaceae,Bacillota,WP_002594235,WP_002594230,REL_C0,REC_C2,-,30895-36562
325079,NZ_QUFO01000003,Roseburia sp. AF25-13LB,Lachnospiraceae,Bacillota,WP_002602093,WP_002605633,REL_C2,REC_C0,+,62524-68016
796154,NZ_CABMGA010000013,Ruminococcus callidus,Oscillospiraceae,Bacillota,WP_181977007,WP_117530277,REL_C3,REC_C0,+,13292-18792
266011,NZ_JAQEUC010000013,Coprococcus sp. LG100-32,Lachnospiraceae,Bacillota,WP_270608266,WP_098924870,REL_C0,REC_C0,-,59263-64776
669083,NZ_JAOQKG010000001,Oscillibacter acetigenes,Oscillospiraceae,Bacillota,WP_136890944,WP_118101863,REL_C9,REC_C1,+,514814-520986
507213,NZ_JAQDFZ010000017,Clostridium fessum,Clostridiaceae,Bacillota,WP_118670446,WP_118469360,REL_C0,REC_C0,+,39915-45431
966573,NZ_JAQDNH010000010,Clostridium fessum,Clostridiaceae,Bacillota,WP_270252593,WP_270252588,REL_C0,REC_C0,-,8730-14246
723096,NZ_JAQEQF010000005,Clostridium fessum,Clostridiaceae,Bacillota,WP_002594235,WP_270707087,REL_C0,REC_C0,+,135741-141393
380422,NZ_JAQEHW010000017,Mediterraneibacter massiliensis,Lachnospiraceae,Bacillota,WP_025483260,WP_025483265,REL_C8,REC_C2,-,27613-33399
265072,NZ_GG698589,Blautia hansenii DSM 20583,Lachnospiraceae,Bacillota,WP_003020266,WP_003020278,REL_C0,REC_C2,+,339105-344769
396023,NZ_VTOZ01000005,Selenomonas caprae,Selenomonadaceae,Bacillota,WP_002596230,WP_002596236,REL_C1,REC_C1,-,135006-141029
313321,NZ_PSNP01000010,Megasphaera stantonii,Veillonellaceae,Bacillota,WP_107195599,WP_107195597,REL_C4,REC_C1,-,23182-28825
976983,NZ_CZAZ01000015,Hungatella hathewayi,Clostridiaceae,Bacillota,WP_055650757,WP_005921270,REL_C0,REC_C0,-,120128-125647
159809,NZ_CP102274,Hungatella hathewayi,Clostridiaceae,Bacillota,WP_006773200,WP_006773196,REL_C0,REC_C0,-,5856087-5861604
374693,NZ_GG667646,Hungatella hathewayi DSM 13479,Clostridiaceae,Bacillota,WP_006773200,WP_006773196,REL_C0,REC_C0,-,37411-42928
842324,NZ_QSGX01000062,Hungatella hathewayi,Clostridiaceae,Bacillota,WP_118077863,WP_118077861,REL_C6,REC_C0,-,15538-21036
331688,NZ_QSVU01000035,Hungatella hathewayi,Clostridiaceae,Bacillota,WP_003533417,WP_003533408,REL_C10,REC_C3,-,32607-38696
490179,NZ_MPDJ01000001,Eisenbergiella tayi,Lachnospiraceae,Bacillota,WP_002594235,WP_002594230,REL_C0,REC_C2,-,1797042-1802709
302258,NZ_MCGI01000006,Eisenbergiella tayi,Lachnospiraceae,Bacillota,WP_002594235,WP_002594230,REL_C0,REC_C2,+,633594-639261
876978,NZ_WBKH01000005,Veillonella seminalis,Veillonellaceae,Bacillota,WP_002569237,WP_002569232,REL_C0,REC_C0,-,99789-105306
716752,NZ_RQUZ01000002,Veillonella seminalis,Veillonellaceae,Bacillota,WP_002569237,WP_002569232,REL_C0,REC_C0,-,99217-104734
291898,NZ_LT629939,Merdimmobilis hominis,Oscillospiraceae,Bacillota,WP_054332546,WP_054332544,REL_C0,REC_C0,+,2312409-2317919
825620,NZ_JAQESM010000060,Holdemanella biformis,Erysipelotrichaceae,Bacillota,WP_270780271,WP_002605633,REL_C2,REC_C0,-,8163-13655
106120,NZ_FMIZ01000005,Massilioclostridium coli,Clostridiaceae,Bacillota,WP_162840610,WP_005933734,REL_C3,REC_C0,+,65122-70621
818001,NZ_CABKWT010000006,Massilioclostridium coli,Clostridiaceae,Bacillota,WP_162840610,WP_005933734,REL_C3,REC_C0,+,65122-70621
336230,NZ_QULF01000003,Clostridium sp. OM05-9,Clostridiaceae,Bacillota,WP_118662840,WP_118097225,REL_C0,REC_C0,+,159977-165487
485768,NZ_BFBU01000001,Butyricicoccus sp. GAM44,Clostridiaceae,Bacillota,WP_238078499,WP_006573559,REL_C3,REC_C0,+,2382085-2387585
693798,NZ_CP060490,Oscillibacter hominis,Oscillospiraceae,Bacillota,WP_187333878,WP_024738897,REL_C6,REC_C0,-,1061325-1067594
791089,NZ_QSTS01000010,Butyricicoccus sp. OM06-6AC,Clostridiaceae,Bacillota,WP_002569237,WP_002569232,REL_C0,REC_C0,-,53035-58552
714024,NZ_JADMOD010000017,Anaeromassilibacillus sp. D41t1_190614_C2,Oscillospiraceae,Bacillota,WP_070087579,WP_070087575,REL_C5,REC_C1,+,35258-40884
145423,NZ_JBBNKA010000022,Fusicatenibacter saccharivorans,Lachnospiraceae,Bacillota,WP_002594235,WP_002594230,REL_C0,REC_C2,-,6839-12506
537398,NZ_NFHY01000001,Drancourtella sp. An57,Oscillospiraceae,Bacillota,WP_087251826,WP_087251832,REL_C7,REC_C2,+,131153-137451
958921,NZ_JAAIOI010000005,Coprococcus eutactus,Lachnospiraceae,Bacillota,WP_173794764,WP_173794761,REL_C0,REC_C0,-,114544-120054
877235,NZ_JACLAS010000012,Roseburia hominis,Lachnospiraceae,Bacillota,WP_002594235,WP_002594230,REL_C0,REC_C2,-,76775-82442
486836,NZ_JAQEDX010000011,Roseburia hominis,Lachnospiraceae,Bacillota,WP_002569237,WP_002569232,REL_C0,REC_C0,-,12106-17623
626319,NZ_QUJZ01000001,Blautia sp. TM10-2,Lachnospiraceae,Bacillota,WP_109215852,WP_098924870,REL_C0,REC_C0,-,344573-350086
674801,NZ_JAQNCD010000005,Coprococcus comes,Lachnospiraceae,Bacillota,WP_178097315,WP_005933734,REL_C3,REC_C0,+,38009-43508
823424,NZ_JAAILK010000007,Coprococcus comes,Lachnospiraceae,Bacillota,WP_173686129,WP_119297780,REL_C3,REC_C0,+,37885-43386
609130,NZ_JAAIMB010000007,Coprococcus comes,Lachnospiraceae,Bacillota,WP_173686129,WP_119297780,REL_C3,REC_C0,+,37832-43333
573028,NZ_JAAIMH010000008,Coprococcus comes,Lachnospiraceae,Bacillota,WP_173686129,WP_119297780,REL_C3,REC_C0,+,37885-43386
273698,NZ_JAAIMF010000006,Coprococcus comes,Lachnospiraceae,Bacillota,WP_173686129,WP_119297780,REL_C3,REC_C0,+,37832-43333
240884,NZ_JABMHY010000007,Coprococcus comes,Lachnospiraceae,Bacillota,WP_173686129,WP_119297780,REL_C3,REC_C0,+,37832-43333
404859,NZ_JAQNCE010000009,Coprococcus comes,Lachnospiraceae,Bacillota,WP_003533417,WP_271813128,REL_C10,REC_C3,+,50696-56785
882264,NZ_SLUM01000025,Fournierella massiliensis,Oscillospiraceae,Bacillota,WP_058966389,WP_005921270,REL_C0,REC_C0,+,8730-14249
787243,NZ_JAQDGY010000022,Blautia intestinalis,Lachnospiraceae,Bacillota,WP_002594235,WP_002594230,REL_C0,REC_C2,-,6485-12152
552310,NZ_OLMI01000003,Dorea sp. Marseille-P4042,Lachnospiraceae,Bacillota,WP_105310329,WP_105310324,REL_C8,REC_C2,-,890696-896455
424879,NZ_JACOOT010000029,Blautia segnis,Lachnospiraceae,Bacillota,WP_118797137,WP_118796998,REL_C13,REC_C2,+,103190-108930
500041,NZ_QUGH01000024,Ruminococcus sp. AF20-12LB,Oscillospiraceae,Bacillota,WP_117739289,WP_118626647,REL_C0,REC_C0,-,8143-14429
817076,NZ_LT629944,Angelakisella massiliensis,Oscillospiraceae,Bacillota,WP_071429083,WP_002594230,REL_C0,REC_C2,-,268762-274429
640569,NZ_QVFD01000016,Coprococcus catus,Lachnospiraceae,Bacillota,WP_181967508,WP_005933734,REL_C3,REC_C0,-,7516-13016
185317,NZ_CABMMD010000002,Acetivibrio ethanolgignens,Oscillospiraceae,Bacillota,WP_058351290,WP_058351285,REL_C25,REC_C2,-,57727-63389
339918,NZ_DS483539,Coprococcus eutactus ATCC 27759,Lachnospiraceae,Bacillota,WP_009249723,WP_000945966,REL_C5,REC_C1,-,45121-50801
893648,NZ_QUCM01000004,Clostridium sp. AM22-11AC,Clostridiaceae,Bacillota,WP_002594235,WP_002594230,REL_C0,REC_C2,-,225420-231087
109785,NZ_JADNKY010000022,Ruminococcus sp. 1001713B170207_170306_F5,Oscillospiraceae,Bacillota,WP_195456708,WP_002569232,REL_C0,REC_C0,-,19068-24584
582614,NZ_JACOOR010000002,Anaerosacchariphilus hominis,Lachnospiraceae,Bacillota,WP_002594235,WP_002594230,REL_C0,REC_C2,-,403316-408983
232843,NZ_NFHC01000017,Flavonifractor sp. An9,Oscillospiraceae,Bacillota,WP_087399667,WP_087399672,REL_C4,REC_C1,+,33124-39435
151096,NZ_JACOPE010000001,Ruminococcus hominis,Oscillospiraceae,Bacillota,WP_186865420,WP_186865417,REL_C0,REC_C0,-,2961536-2967761
160981,NZ_NMTZ01000026,Faecalibacterium prausnitzii,Oscillospiraceae,Bacillota,WP_097780042,WP_097780038,REL_C0,REC_C0,-,306785-312305
423413,NZ_QVES01000030,Faecalibacterium prausnitzii,Oscillospiraceae,Bacillota,WP_002602093,WP_002605633,REL_C2,REC_C0,-,7558-13050
130340,NZ_QUJI01000003,Clostridium sp. AM29-11AC,Clostridiaceae,Bacillota,WP_002594235,WP_002594230,REL_C0,REC_C2,+,225576-231243
914328,NZ_JAQCSY010000002,Coprococcus sp. AF102-57,Lachnospiraceae,Bacillota,WP_002571015,WP_002571010,REL_C4,REC_C1,-,36807-42439
316206,NZ_CP060633,Simiaoa sunii,Lachnospiraceae,Bacillota,WP_003533417,WP_003533408,REL_C10,REC_C3,+,2697480-2703569
886374,NZ_JACOPH010000021,Roseburia zhanii,Lachnospiraceae,Bacillota,WP_186867785,WP_186867790,REL_C6,REC_C4,+,25309-31107
720921,NZ_QVLX01000007,Sellimonas intestinalis,Lachnospiraceae,Bacillota,WP_117493711,WP_117493716,REL_C14,REC_C1,+,151775-158023
717044,NZ_QVMB01000004,Sellimonas intestinalis,Lachnospiraceae,Bacillota,WP_117493711,WP_117493716,REL_C14,REC_C1,-,239415-245663
255481,NZ_QSQM01000002,Dorea formicigenerans,Lachnospiraceae,Bacillota,WP_117657270,WP_005921270,REL_C0,REC_C0,+,212090-217615
847975,NZ_QRPD01000012,Dorea formicigenerans,Lachnospiraceae,Bacillota,WP_118427405,WP_005921270,REL_C0,REC_C0,+,62106-67631
950799,NZ_QSQQ01000007,Dorea formicigenerans,Lachnospiraceae,Bacillota,WP_002594235,WP_002594230,REL_C0,REC_C2,+,128310-133977
292334,NZ_JAQDBD010000012,Gemmiger formicilis,Unnammed,Bacillota,WP_118300891,WP_270510241,REL_C6,REC_C0,-,72316-78576
706247,NZ_JAQDKE010000005,Mediterraneibacter faecis,Lachnospiraceae,Bacillota,WP_002602093,WP_002605633,REL_C2,REC_C0,+,101399-106891
653717,NZ_QTYM01000003,Blautia sp. AM28-36,Lachnospiraceae,Bacillota,WP_002594235,WP_002594230,REL_C0,REC_C2,-,299941-305608
609764,NZ_WQOR01000064,Eubacterium ramulus,Eubacteriaceae,Bacillota,WP_009259846,WP_195488931,REL_C3,REC_C0,+,12220-17830
919300,NZ_DS544185,Anaerotruncus colihominis DSM 17241,Oscillospiraceae,Bacillota,WP_009249723,WP_000945966,REL_C5,REC_C1,+,359789-365469
239155,NZ_QSFP01000023,Roseburia intestinalis,Lachnospiraceae,Bacillota,WP_118592205,WP_118592191,REL_C0,REC_C0,+,22534-28044
691285,NZ_CP102255,Anaerotruncus colihominis,Oscillospiraceae,Bacillota,WP_009249723,WP_000945966,REL_C5,REC_C1,-,1251790-1257470
466662,NZ_CABIXW010000001,Lachnospira eligens,Lachnospiraceae,Bacillota,WP_002594235,WP_002594230,REL_C0,REC_C2,-,524757-530424
758943,NZ_JACOPJ010000007,Roseburia difficilis,Lachnospiraceae,Bacillota,WP_002594235,WP_002594230,REL_C0,REC_C2,+,103789-109456
392135,NZ_JAQDGZ010000025,Coprococcus sp. AF99-45,Lachnospiraceae,Bacillota,WP_117788213,WP_117788211,REL_C20,REC_C0,-,34693-40212
715913,NZ_JANGAA010000004,Blautia sp. DFI.9.10,Lachnospiraceae,Bacillota,WP_227100179,WP_227083176,REL_C0,REC_C2,+,206011-211678
585149,NZ_AP027742,Claveliimonas bilis,Lachnospiraceae,Bacillota,WP_316266116,WP_316266120,REL_C4,REC_C1,+,448926-454577
244122,NZ_JAOQKG010000005,Oscillibacter acetigenes,Oscillospiraceae,Bacillota,WP_055155943,WP_005933734,REL_C3,REC_C0,-,158790-164292
672872,NZ_JAQFEN010000006,Gemmiger qucibialis,Unnammed,Bacillota,WP_270752216,WP_270752218,REL_C4,REC_C1,+,38425-44070
202052,NZ_JAWQCT010000001,Clostridium fessum,Clostridiaceae,Bacillota,WP_002594235,WP_002594230,REL_C0,REC_C2,+,155007-160674
189345,NZ_JBBNJL010000109,Clostridium fessum,Clostridiaceae,Bacillota,WP_002594235,WP_002594230,REL_C0,REC_C2,+,17431-23098
732580,NZ_JAJEPQ010000016,Clostridium fessum,Clostridiaceae,Bacillota,WP_002594235,WP_002594230,REL_C0,REC_C2,+,17431-23098
206038,NZ_JAQCYE010000005,Clostridium fessum,Clostridiaceae,Bacillota,WP_270497480,WP_270497483,REL_C0,REC_C0,+,215372-220891
667870,NZ_JAQEQF010000006,Clostridium fessum,Clostridiaceae,Bacillota,WP_270707201,WP_006773196,REL_C6,REC_C0,+,92940-98428
425855,NZ_PYLO01000002,Clostridium fessum,Clostridiaceae,Bacillota,WP_002594235,WP_002594230,REL_C0,REC_C2,-,819180-824847
297207,NZ_CP102264,Blautia hansenii DSM 20583,Lachnospiraceae,Bacillota,WP_003020266,WP_003020278,REL_C0,REC_C2,-,1965965-1971629
391196,NZ_JAKNHQ010000014,Anaeromassilibacillus senegalensis,Oscillospiraceae,Bacillota,WP_237966986,WP_002596236,REL_C1,REC_C1,-,74220-80243
446962,NZ_QULW01000002,Clostridium sp. OM02-18AC,Clostridiaceae,Bacillota,WP_002594235,WP_002594230,REL_C0,REC_C2,+,213367-219034
394451,NZ_CP102278,Coprococcus eutactus,Lachnospiraceae,Bacillota,WP_009249723,WP_000945966,REL_C5,REC_C1,+,1970542-1976222
379648,NZ_CZBV01000001,Lachnospira eligens,Lachnospiraceae,Bacillota,WP_002594235,WP_002594230,REL_C0,REC_C2,-,524757-530424
264719,NZ_JAAILQ010000012,Coprococcus eutactus,Lachnospiraceae,Bacillota,WP_173784096,WP_118515689,REL_C4,REC_C1,-,89322-94942
650341,NZ_JAMOKJ010000005,Coprococcus sp. B2-R-112,Lachnospiraceae,Bacillota,WP_009259846,WP_250798092,REL_C3,REC_C0,+,116645-122255
924103,NZ_CP048437,Faecalibacterium duncaniae,Oscillospiraceae,Bacillota,WP_005932488,WP_005933734,REL_C6,REC_C0,-,1360878-1366388
872594,NZ_WKZH01000001,Faecalibacterium sp. BIOML-A3,Oscillospiraceae,Bacillota,WP_055221990,WP_154255321,REL_C3,REC_C0,+,12779-18279
721371,NZ_QUFM01000007,Roseburia sp. AF25-18LB,Lachnospiraceae,Bacillota,WP_002594235,WP_002594230,REL_C0,REC_C2,-,32776-38443
646866,NZ_CP094467,Faecalibacterium sp. I4-1-79,Oscillospiraceae,Bacillota,WP_249251673,WP_249251642,REL_C0,REC_C0,-,2954177-2960387
421570,NZ_JAOQJT010000003,Coprococcus aceti,Lachnospiraceae,Bacillota,WP_055222991,WP_055222985,REL_C0,REC_C0,-,121514-127030
164989,NZ_WWSJ01000001,Coprococcus sp. BIOML-A1,Lachnospiraceae,Bacillota,WP_032747089,WP_006773196,REL_C0,REC_C0,-,357655-363884
520735,NZ_WWSI01000001,Coprococcus sp. BIOML-A2,Lachnospiraceae,Bacillota,WP_032747089,WP_006773196,REL_C0,REC_C0,+,546274-552503
668135,NZ_QTVB01000009,Roseburia sp. AF42-8,Lachnospiraceae,Bacillota,WP_117649093,WP_117649081,REL_C7,REC_C2,+,55967-62239
551890,NZ_JAJCNG010000024,Mediterraneibacter sp. 210702-DFI.3.120,Lachnospiraceae,Bacillota,WP_227156752,WP_227135304,REL_C16,REC_C1,-,41710-47234
518164,NZ_JAJCME010000003,Mediterraneibacter sp. 210702-DFI.5.30,Lachnospiraceae,Bacillota,WP_044983951,WP_009255332,REL_C11,REC_C3,-,173986-179510
624907,NZ_QUFO01000009,Roseburia sp. AF25-13LB,Lachnospiraceae,Bacillota,WP_002594235,WP_002594230,REL_C0,REC_C2,-,39710-45377
968913,NZ_JAQEKA010000008,Coprococcus sp. TM115-141,Lachnospiraceae,Bacillota,WP_025483260,WP_025483265,REL_C8,REC_C2,-,78694-84480
726451,NZ_QUIH01000011,Clostridium sp. AM43-3BH,Clostridiaceae,Bacillota,WP_118482397,WP_118627005,REL_C4,REC_C1,+,53974-60326
930987,NZ_BLYI01000003,Anaerostipes butyraticus,Lachnospiraceae,Bacillota,WP_002571015,WP_002571010,REL_C4,REC_C1,+,56199-61831
628096,NZ_JAQEKS010000015,Coprococcus sp. TM115-187,Lachnospiraceae,Bacillota,WP_025483260,WP_025483265,REL_C8,REC_C2,+,19287-25073
335349,NZ_JAWJWV010000002,Faecalibacterium duncaniae,Oscillospiraceae,Bacillota,WP_317393129,WP_317393131,REL_C3,REC_C0,+,76349-81849
524265,NZ_JBBNFV010000011,Faecalibacterium duncaniae,Oscillospiraceae,Bacillota,WP_349176204,WP_215704675,REL_C0,REC_C0,+,72111-77642
859426,NZ_CP022479,Faecalibacterium duncaniae,Oscillospiraceae,Bacillota,WP_005932488,WP_005933734,REL_C6,REC_C0,-,31741-441532
912009,NZ_OMPN01000001,Agathobaculum massiliense,Oscillospiraceae,Bacillota,WP_107631819,WP_009255332,REL_C11,REC_C3,-,2656981-2662505
865485,NZ_QUFN01000002,Roseburia sp. AF25-15LB,Lachnospiraceae,Bacillota,WP_002602093,WP_002605633,REL_C2,REC_C0,-,300697-306189
706093,NZ_JAJBNK010000012,Coprococcus eutactus,Lachnospiraceae,Bacillota,WP_173784096,WP_118515689,REL_C4,REC_C1,-,89322-94942
401152,NZ_WQPE01000020,Coprococcus eutactus,Lachnospiraceae,Bacillota,WP_174235869,WP_005933734,REL_C3,REC_C0,-,5380-10880
671178,NZ_JACOOR010000013,Anaerosacchariphilus hominis,Lachnospiraceae,Bacillota,WP_117739289,WP_097839336,REL_C0,REC_C0,-,8610-14896
440212,NZ_JACOPE010000001,Ruminococcus hominis,Oscillospiraceae,Bacillota,WP_117962497,WP_117962491,REL_C0,REC_C0,-,2499807-2505326
101002,NZ_JADNPO010000017,Holdemania sp. 1001095H_141210_F2,Erysipelotrichaceae,Bacillota,WP_002594235,WP_002594230,REL_C0,REC_C2,-,5438-11105
127457,NZ_CABVEU010000004,Faecalibacterium prausnitzii,Oscillospiraceae,Bacillota,WP_156072385,WP_156072396,REL_C4,REC_C1,+,67507-73146
611734,NZ_JAWHPQ010000001,Faecalibacterium prausnitzii,Oscillospiraceae,Bacillota,WP_316541620,WP_005933734,REL_C6,REC_C0,+,143899-149416
159588,NZ_JAWHPR010000003,Faecalibacterium prausnitzii,Oscillospiraceae,Bacillota,WP_249236865,WP_249236863,REL_C0,REC_C0,-,437071-442584
987358,NZ_LR699932,Faecalibacterium prausnitzii,Oscillospiraceae,Bacillota,WP_197036267,WP_156065624,REL_C3,REC_C0,+,85784-91284
660668,NZ_JAWHPV010000003,Faecalibacterium prausnitzii,Oscillospiraceae,Bacillota,WP_009259846,WP_195488931,REL_C3,REC_C0,+,138324-143934
192858,NZ_PRLA01000003,Faecalibacterium prausnitzii,Oscillospiraceae,Bacillota,WP_174235869,WP_005933734,REL_C3,REC_C0,-,155417-160917
723030,NZ_CP026548,Faecalibacterium prausnitzii,Oscillospiraceae,Bacillota,WP_174235869,WP_005933734,REL_C3,REC_C0,-,736237-741737
861710,NZ_LR699017,Faecalibacterium prausnitzii,Oscillospiraceae,Bacillota,WP_174235869,WP_005933734,REL_C3,REC_C0,-,736237-741737
111379,NZ_CP065381,Faecalibacterium prausnitzii,Oscillospiraceae,Bacillota,WP_223384412,WP_223384420,REL_C4,REC_C1,+,2580374-2586013
414730,NZ_NMTU01000009,Faecalibacterium prausnitzii,Oscillospiraceae,Bacillota,WP_097773911,WP_003533408,REL_C0,REC_C3,+,83902-89424
323546,NZ_NMTR01000002,Faecalibacterium prausnitzii,Oscillospiraceae,Bacillota,WP_055155943,WP_097800099,REL_C3,REC_C0,-,21404-26904
595572,NZ_JAEKCA010000002,Faecalibacterium prausnitzii,Oscillospiraceae,Bacillota,WP_223453583,WP_120121068,REL_C24,REC_C3,-,663020-669093
925019,NZ_CP065380,Faecalibacterium prausnitzii,Oscillospiraceae,Bacillota,WP_223384412,WP_223384420,REL_C4,REC_C1,+,2639619-2645258
322043,NZ_CABMES010000002,Faecalibacterium prausnitzii,Oscillospiraceae,Bacillota,WP_165858285,WP_006573559,REL_C3,REC_C0,+,256010-261510
589968,NZ_JAAWUZ010000021,Faecalicatena fissicatena,Lachnospiraceae,Bacillota,WP_173745248,WP_012744300,REL_C0,REC_C0,+,33390-38907
361425,NZ_JAAINL010000012,Coprococcus eutactus,Lachnospiraceae,Bacillota,WP_173784096,WP_118515689,REL_C4,REC_C1,-,89322-94942
738261,NZ_JAAWUU010000001,Faecalicatena fissicatena,Lachnospiraceae,Bacillota,WP_173745248,WP_012744300,REL_C0,REC_C0,+,33390-38907
546826,NZ_JAAWUW010000001,Faecalicatena fissicatena,Lachnospiraceae,Bacillota,WP_173897060,WP_173897061,REL_C0,REC_C0,+,112453-117970
327757,NZ_JAKNGQ010000002,Coprococcus eutactus,Lachnospiraceae,Bacillota,WP_238050611,WP_008818022,REL_C3,REC_C0,+,37948-43450
701314,NZ_CYYZ01000003,Coprococcus eutactus,Lachnospiraceae,Bacillota,WP_055146293,WP_055146307,REL_C15,REC_C4,+,404228-410529
739169,NZ_CP085930,Coprococcus eutactus ATCC 27759,Lachnospiraceae,Bacillota,WP_009249723,WP_000945966,REL_C5,REC_C1,-,2732134-2737814
726813,NZ_JAJCMH010000006,Coprococcus eutactus,Lachnospiraceae,Bacillota,WP_227135309,WP_227135304,REL_C16,REC_C1,-,82627-88151
451876,NZ_CYYJ01000003,Coprococcus eutactus,Lachnospiraceae,Bacillota,WP_055222991,WP_055222985,REL_C0,REC_C0,-,121514-127030
383552,NZ_JAKNFO010000016,Coprococcus eutactus,Lachnospiraceae,Bacillota,WP_227135514,WP_227135510,REL_C4,REC_C1,-,26246-31891
427544,NZ_BLYL01000020,Coprococcus eutactus,Lachnospiraceae,Bacillota,WP_055222991,WP_055222985,REL_C0,REC_C0,+,25492-31008
330334,NZ_CABIWG010000002,Coprococcus eutactus,Lachnospiraceae,Bacillota,WP_187116306,WP_005933734,REL_C3,REC_C0,-,134531-140073
503810,NZ_JANGCK010000007,Coprococcus eutactus,Lachnospiraceae,Bacillota,WP_227135309,WP_227135304,REL_C16,REC_C1,+,63268-68792
277213,NZ_JANGCL010000007,Coprococcus eutactus,Lachnospiraceae,Bacillota,WP_227135309,WP_227135304,REL_C16,REC_C1,-,83009-88533
225647,NZ_JANGCI010000006,Coprococcus eutactus,Lachnospiraceae,Bacillota,WP_227135309,WP_227135304,REL_C16,REC_C1,+,63268-68792
137099,NZ_JBDMSG010000008,Coprococcus eutactus,Lachnospiraceae,Bacillota,WP_346998568,WP_005933734,REL_C3,REC_C0,-,88038-93538
497580,NZ_JBDMSD010000011,Coprococcus eutactus,Lachnospiraceae,Bacillota,WP_346998568,WP_005933734,REL_C3,REC_C0,-,88038-93538
174663,NZ_JBDMSH010000007,Coprococcus eutactus,Lachnospiraceae,Bacillota,WP_346998568,WP_005933734,REL_C3,REC_C0,-,88038-93538
953253,NZ_JBDMSE010000007,Coprococcus eutactus,Lachnospiraceae,Bacillota,WP_346998568,WP_005933734,REL_C3,REC_C0,-,88038-93538
895223,NZ_JANGCJ010000016,Coprococcus eutactus,Lachnospiraceae,Bacillota,WP_227135514,WP_227135510,REL_C4,REC_C1,-,26246-31891
888477,NZ_JBDMSF010000008,Coprococcus eutactus,Lachnospiraceae,Bacillota,WP_346998568,WP_005933734,REL_C3,REC_C0,-,88038-93538
540720,NZ_JAAWUX010000022,Faecalicatena fissicatena,Lachnospiraceae,Bacillota,WP_173745248,WP_012744300,REL_C0,REC_C0,+,33390-38907
774394,NZ_NMTZ01000020,Faecalibacterium prausnitzii,Oscillospiraceae,Bacillota,WP_008818020,WP_008818022,REL_C3,REC_C0,+,207914-213416
178213,NZ_QUFN01000009,Roseburia sp. AF25-15LB,Lachnospiraceae,Bacillota,WP_002594235,WP_002594230,REL_C0,REC_C2,-,39704-45371
261716,NZ_QUKS01000002,Clostridium sp. TF06-15AC,Clostridiaceae,Bacillota,WP_118651439,WP_118651451,REL_C0,REC_C0,+,142480-148535
264454,NZ_JAUSTO010000002,Moryella indoligenes,Lachnospiraceae,Bacillota,WP_142410547,WP_002594230,REL_C0,REC_C2,-,194539-200206
724394,NZ_LT963434,Massilicoli timonensis,Erysipelotrichaceae,Bacillota,WP_102268107,WP_102268113,REL_C4,REC_C1,+,1064117-1069761
334949,NZ_JAHLPP010000001,Pseudoflavonifractor sp. MSJ-37,Oscillospiraceae,Bacillota,WP_002569237,WP_002569232,REL_C0,REC_C0,-,1214162-1219679
369899,NZ_JACRTE010000008,Qingrenia yutianensis,Oscillospiraceae,Bacillota,WP_109215852,WP_012744300,REL_C0,REC_C0,+,11936-17449
287920,NZ_CP094473,Faecalibacterium sp. HTF-F,Oscillospiraceae,Bacillota,WP_249236865,WP_249236863,REL_C0,REC_C0,-,1748538-1754051
795853,NZ_GL830877,Phascolarctobacterium succinatutens YIT 12067,Acidaminococcaceae,Bacillota,WP_009145293,WP_000945966,REL_C1,REC_C1,-,8483-14121
805018,NZ_CABKPS010000035,Phascolarctobacterium succinatutens,Acidaminococcaceae,Bacillota,WP_009145293,WP_000945966,REL_C1,REC_C1,-,8483-14121
417906,NZ_RPZQ01000016,Ruminococcus bromii,Oscillospiraceae,Bacillota,WP_002602093,WP_002605633,REL_C2,REC_C0,-,31550-37042
228513,NZ_QUGW01000007,Clostridium sp. AF17-2,Clostridiaceae,Bacillota,WP_006555733,WP_078784320,REL_C0,REC_C0,-,50785-56299
757161,NZ_QTWY01000007,Clostridium sp. AF17-21AC,Clostridiaceae,Bacillota,WP_006555733,WP_078784320,REL_C0,REC_C0,-,50785-56299
585951,NZ_JACRTD010000005,Youxingia wuxianensis,Oscillospiraceae,Bacillota,WP_262395402,WP_074754402,REL_C1,REC_C1,-,209419-215064
865521,NZ_OZ006974,Megamonas hypermegale,Selenomonadaceae,Bacillota,WP_346686279,WP_177830105,REL_C4,REC_C1,+,730246-735891
484058,NZ_JAHLQI010000004,Butyricicoccus intestinisimiae,Clostridiaceae,Bacillota,WP_216470464,WP_006773196,REL_C6,REC_C0,+,143723-149213
715084,NZ_JADMVO010000005,Holdemanella biformis,Erysipelotrichaceae,Bacillota,WP_002602093,WP_002605633,REL_C2,REC_C0,-,42306-47802
268622,NZ_WWTL01000003,Clostridium sp. BIOML-A1,Clostridiaceae,Bacillota,WP_192919791,WP_161116806,REL_C3,REC_C0,+,102850-108350
274678,NZ_QUCZ01000009,Dorea sp. AM13-35,Lachnospiraceae,Bacillota,WP_109215852,WP_098924870,REL_C0,REC_C0,-,29792-35305
268125,NZ_JACJLV010000028,Mordavella massiliensis,Clostridiaceae,Bacillota,WP_204909271,WP_204909272,REL_C5,REC_C1,+,17630-23317
293086,NZ_JACRTC010000009,Zongyangia hominis,Oscillospiraceae,Bacillota,WP_262398345,WP_117530277,REL_C3,REC_C0,-,24995-30495
944268,NZ_MJIE01000001,Hornefia porci,EubacterialesFamilyXIII.IncertaeSedis,Bacillota,WP_075704893,WP_074754402,REL_C1,REC_C1,-,459950-465589
259364,NZ_JBDMUR010000001,Bifidobacterium adolescentis,Bifidobacteriaceae,Actinomycetota,WP_002594235,WP_002594230,REL_C0,REC_C2,+,176985-182652
936277,NZ_JBDOTM010000023,Bifidobacterium catenulatum,Bifidobacteriaceae,Actinomycetota,WP_118447844,WP_347904127,REL_C0,REC_C0,-,20218-26440
207771,NZ_JAJEQM010000018,Hominilimicola fabiformis,Oscillospiraceae,Bacillota,WP_002594235,WP_002594230,REL_C0,REC_C2,+,28183..33850
916766,NZ_QVME01000001,Anaerotruncus colihominis,Oscillospiraceae,Bacillota,WP_181968789,WP_097800099,REL_C3,REC_C0,+,669485-674985
206661,NZ_QXJA01000019,Faecalibacterium sp. BCRC 81149,Oscillospiraceae,Bacillota,WP_242889403,WP_098924870,REL_C0,REC_C0,-,20113..26168
205435,NZ_LNAM01000002,Acetivibrio ethanolgignens,Oscillospiraceae,Bacillota,WP_058351290,WP_058351285,REL_C25,REC_C2,-,57727..63389
441426,NZ_BJLB01000001,Enterocloster clostridioformis,Lachnospiraceae,Bacillota,WP_002592657,WP_002592883,REL_C1,REC_C1,+,4031156..4041939
958473,NZ_CALZXB010000009,Veillonella caviae,Veillonellaceae,Bacillota,WP_277282303,WP_002596236,REL_C1,REC_C1,-,58878-64901
100203,NZ_CAMBWR010000009,Veillonella caviae,Veillonellaceae,Bacillota,WP_277282303,WP_002596236,REL_C1,REC_C1,-,72259-78282
369220,NZ_JUZI01000019,Streptococcus intermedius,Streptococcaceae,Bacillota,WP_002602093,WP_002605633,REL_C2,REC_C0,-,700437-705929
184965,NZ_JGZM01000001,Bifidobacterium pullorum,Bifidobacteriaceae,Actinomycetota,WP_034530587,WP_033509557,REL_C4,REC_C1,-,280639-286303
556080,NZ_JADNDT010000026,Faecalitalea cylindroides,Erysipelotrichaceae,Bacillota,WP_195294773,WP_000945966,REL_C5,REC_C1,-,12575-18255
611708,NZ_LR026983,Maliibacterium massiliense,Maliibacteriaceae,Bacillota,WP_071431008,WP_073261367,REL_C4,REC_C1,-,771505-777150
428516,NZ_CAUVLT010000004,Stomatobaculum longum,Lachnospiraceae,Bacillota,WP_086433041,WP_002569232,REL_C0,REC_C0,-,135752-141272
134023,NZ_CAUUZU010000006,Stomatobaculum longum,Lachnospiraceae,Bacillota,WP_002569237,WP_002605633,REL_C0,REC_C0,-,146665-152171
353409,NZ_JAQEYE010000001,Bifidobacterium pseudocatenulatum,Bifidobacteriaceae,Actinomycetota,WP_002594235,WP_002594230,REL_C0,REC_C2,+,805759-811426
284053,NZ_QSQA01000007,Bifidobacterium pseudocatenulatum,Bifidobacteriaceae,Actinomycetota,WP_117659857,WP_117659784,REL_C0,REC_C2,-,99961-105625
310013,NZ_CP072504,Bifidobacterium pseudocatenulatum,Bifidobacteriaceae,Actinomycetota,WP_118447844,WP_117783658,REL_C0,REC_C0,+,1559189-1565411
799582,NZ_QSHB01000002,Bifidobacterium pseudocatenulatum,Bifidobacteriaceae,Actinomycetota,WP_117783702,WP_117783658,REL_C0,REC_C0,-,222950-229172
153562,NZ_JBDMUQ010000001,Bifidobacterium adolescentis,Bifidobacteriaceae,Actinomycetota,WP_002594235,WP_002594230,REL_C0,REC_C2,-,173849-179516
580048,NZ_WKZG01000001,Faecalibacterium sp. BIOML-A4,Oscillospiraceae,Bacillota,WP_055221990,WP_154255321,REL_C3,REC_C0,+,12779-18279
891511,NZ_PRLC01000018,Faecalibacterium hattorii,Oscillospiraceae,Bacillota,WP_044983951,WP_009255332,REL_C11,REC_C3,+,23640-29165
975601,NZ_QSTT01000013,Ruminococcus sp. OM06-36AC,Oscillospiraceae,Bacillota,WP_181977007,WP_117530277,REL_C3,REC_C0,+,13292-18792
336598,NZ_QUDV01000008,Dorea sp. AF36-15AT,Lachnospiraceae,Bacillota,WP_182400593,WP_006573559,REL_C3,REC_C0,-,25244-30744
209694,NZ_NFHE01000008,Pseudoflavonifractor sp. An85,Oscillospiraceae,Bacillota,WP_002596230,WP_002596236,REL_C1,REC_C1,-,89673-95696
346868,NZ_JAOQKB010000018,Huintestinicola butyrica,Oscillospiraceae,Bacillota,WP_262573465,WP_002569232,REL_C0,REC_C0,-,22553-28069
699846,NZ_JAJDKB010000011,Faecalibacillus sp. TM498,Erysipelotrichaceae,Bacillota,WP_173745248,WP_012744300,REL_C0,REC_C0,+,21119-26636
135397,NZ_QUGF01000001,Clostridium sp. AF20-7,Clostridiaceae,Bacillota,WP_002594235,WP_002594230,REL_C0,REC_C2,+,336839-342506
135475,NZ_QUJN01000009,Clostridium sp. AM28-20LB,Clostridiaceae,Bacillota,WP_118743217,WP_118743213,REL_C28,REC_C1,-,10219-15767
640063,NZ_QUJN01000004,Clostridium sp. AM28-20LB,Clostridiaceae,Bacillota,WP_118743015,WP_118743011,REL_C6,REC_C0,-,237326-242831
753893,NZ_JAJDKD010000010,Faecalibacillus sp. TM111,Erysipelotrichaceae,Bacillota,WP_173745248,WP_012744300,REL_C0,REC_C0,+,21119-26636
352154,NZ_JAQDEH010000019,Butyricicoccus sp. AF86-03b2A,Clostridiaceae,Bacillota,WP_270441287,WP_147623069,REL_C4,REC_C1,+,10905-16550
145124,NZ_QUDY01000002,Clostridium sp. AF35-15,Clostridiaceae,Bacillota,WP_118471900,WP_118471896,REL_C0,REC_C0,-,122496-128012
638775,NZ_CP094466,Faecalibacterium sp. I4-3-84,Oscillospiraceae,Bacillota,WP_249236078,WP_215704675,REL_C0,REC_C0,+,428669-434186
202466,NZ_QTZI01000002,Roseburia sp. OM04-10BH,Lachnospiraceae,Bacillota,WP_117946831,WP_117946828,REL_C0,REC_C0,-,283582-289098
302836,NZ_FWCH01000012,Provencibacterium massiliense,Oscillospiraceae,Bacillota,WP_066522957,WP_079699042,REL_C4,REC_C1,-,436713-442345
619047,NZ_CABMKD010000012,Provencibacterium massiliense,Oscillospiraceae,Bacillota,WP_066522957,WP_079699042,REL_C4,REC_C1,-,436713-442345
780698,NZ_JACOPD010000003,Lachnospira hominis,Lachnospiraceae,Bacillota,WP_044945864,WP_186836446,REL_C3,REC_C0,+,161691-167191
748574,NZ_QUGI01000011,Pseudoflavonifractor sp. AF19-9AC,Oscillospiraceae,Bacillota,WP_055261120,WP_055222985,REL_C0,REC_C0,-,27599-33115
955232,NZ_QTWP01000003,Roseburia sp. AF20-18LB,Lachnospiraceae,Bacillota,WP_118173205,WP_002569232,REL_C0,REC_C0,-,193985-199501
166904,NZ_JACOOW010000004,Clostridium segne,Clostridiaceae,Bacillota,WP_186854824,WP_002569232,REL_C0,REC_C0,-,281849-287366
409580,NZ_BQKV01000029,Faecalibacterium gallinarum,Oscillospiraceae,Bacillota,WP_002571015,WP_002571010,REL_C4,REC_C1,-,66631-72263
769515,NZ_QUEG01000010,Clostridium sp. AF32-7AC,Clostridiaceae,Bacillota,WP_118469374,WP_118469360,REL_C0,REC_C0,-,39262-44781
246096,NZ_CP094472,Faecalibacterium sp. IP-1-18,Oscillospiraceae,Bacillota,WP_165858285,WP_006573559,REL_C3,REC_C0,-,944347-949847
755812,NZ_SLXA01000002,Frisingicoccus caecimuris,Lachnospiraceae,Bacillota,WP_006060462,WP_132088344,REL_C18,REC_C0,-,5345-10813
303385,NZ_JANKAQ010000001,Frisingicoccus caecimuris,Lachnospiraceae,Bacillota,WP_006060462,WP_132088344,REL_C18,REC_C0,-,5325-10793
159928,NZ_QTWK01000004,Clostridium sp. AF23-6LB,Clostridiaceae,Bacillota,WP_117823242,WP_117500105,REL_C0,REC_C0,-,254591-260107
450291,NZ_QUEN01000002,Faecalibacterium sp. OF03-6AC,Oscillospiraceae,Bacillota,WP_165858285,WP_006573559,REL_C3,REC_C0,+,256010-261510
758436,NZ_JAOQJS010000007,Coprococcus ammoniilyticus,Lachnospiraceae,Bacillota,WP_055146293,WP_055146307,REL_C15,REC_C4,-,124369-130670
138130,NZ_WKZI01000026,Faecalibacterium sp. BIOML-A2,Oscillospiraceae,Bacillota,WP_044960756,WP_005921270,REL_C0,REC_C0,-,13106-18625
137817,NZ_JAQEXK010000025,Butyricicoccus sp. OF27-2pH9A,Clostridiaceae,Bacillota,WP_270580784,WP_005933734,REL_C3,REC_C0,-,7785-13285
970700,NZ_JAFREG010000003,Faecalibacterium sp. Marseille-Q4896,Oscillospiraceae,Bacillota,WP_207698565,WP_005933734,REL_C3,REC_C0,+,12655-18155
627277,NZ_CP094469,Faecalibacterium sp. I3-3-33,Oscillospiraceae,Bacillota,WP_249241589,WP_120021089,REL_C0,REC_C0,+,916209-921725
751957,NZ_JAFREH010000007,Faecalibacterium sp. Marseille-Q3530,Oscillospiraceae,Bacillota,WP_118670446,WP_002569232,REL_C0,REC_C0,+,120412-125928
441637,NZ_QULY01000012,Butyricicoccus sp. OF13-6,Clostridiaceae,Bacillota,WP_002571015,WP_002571010,REL_C4,REC_C1,+,13199-18831
681266,NZ_QULS01000023,Faecalibacterium sp. OM04-11BH,Oscillospiraceae,Bacillota,WP_182400593,WP_006573559,REL_C3,REC_C0,-,7152-12652
444131,NZ_WKZJ01000011,Faecalibacterium sp. BIOML-A1,Oscillospiraceae,Bacillota,WP_044960756,WP_005921270,REL_C0,REC_C0,+,70885-76404
566588,NZ_NFHX01000015,Faecalibacterium sp. An58,Oscillospiraceae,Bacillota,WP_087324776,WP_087324781,REL_C9,REC_C1,+,31875-38078
294269,NZ_QUHE01000003,Butyricicoccus sp. AF15-40,Clostridiaceae,Bacillota,WP_202191447,WP_117465426,REL_C3,REC_C0,-,43426-48926
932693,NZ_JAFREJ010000019,Faecalibacterium sp. Marseille-Q4164,Oscillospiraceae,Bacillota,WP_207700516,WP_009255332,REL_C11,REC_C3,-,30768-36292
475646,NZ_QVGZ01000011,Faecalibacterium sp. AM43-5AT,Oscillospiraceae,Bacillota,WP_097786373,WP_120121068,REL_C10,REC_C3,-,78341-84414
334489,NZ_JBCLMS010000006,Hominenteromicrobium mulieris,Oscillospiraceae,Bacillota,WP_009259846,WP_343285065,REL_C3,REC_C0,-,212072-217682
981096,NZ_OX636702,Faecalibacterium prausnitzii,Oscillospiraceae,Bacillota,WP_302277327,WP_302276876,REL_C4,REC_C1,+,2338760-2344388
641403,NZ_JAXJBD010000033,Phascolarctobacterium succinatutens,Acidaminococcaceae,Bacillota,WP_002596230,WP_002596236,REL_C1,REC_C1,-,23489-29512
660552,NZ_LR699972,Faecalibacterium prausnitzii,Oscillospiraceae,Bacillota,WP_044983951,WP_009255332,REL_C11,REC_C3,+,10882-16406
855937,NZ_CP117966,Roseburia hominis,Lachnospiraceae,Bacillota,WP_044953233,WP_015528426,REL_C15,REC_C4,+,358241-364407
498488,NC_015977,Roseburia hominis A2-183,Lachnospiraceae,Bacillota,WP_014080221,WP_002594230,REL_C0,REC_C2,-,2253845-2259512
585669,NZ_WQNT01000033,Roseburia hominis,Lachnospiraceae,Bacillota,WP_147610109,WP_215645935,REL_C4,REC_C1,+,264550-270195
141620,NZ_JAQEDX010000025,Roseburia hominis,Lachnospiraceae,Bacillota,WP_002594235,WP_002594230,REL_C0,REC_C2,-,8972-14639
596375,NZ_LR699011,Roseburia hominis,Lachnospiraceae,Bacillota,WP_014080221,WP_002594230,REL_C0,REC_C2,-,2253845-2259512
619412,NZ_QRXJ01000019,Coprococcus comes,Lachnospiraceae,Bacillota,WP_002594235,WP_002594230,REL_C0,REC_C2,+,28672-34339
234442,NZ_CYYN01000005,Coprococcus comes,Lachnospiraceae,Bacillota,WP_044983951,WP_009255332,REL_C11,REC_C3,-,4508-10032
725645,NZ_BSCI01000009,Coprococcus comes,Lachnospiraceae,Bacillota,WP_055248413,WP_002569232,REL_C0,REC_C0,-,61733-67255
977527,NZ_JAAIMV010000001,Coprococcus comes,Lachnospiraceae,Bacillota,WP_055222991,WP_173698809,REL_C0,REC_C0,+,165099-170615
386341,NZ_JAAINA010000001,Coprococcus comes,Lachnospiraceae,Bacillota,WP_055222991,WP_173803212,REL_C0,REC_C0,+,165099-170615
472282,NZ_JADMRF010000010,Coprococcus comes,Lachnospiraceae,Bacillota,WP_178097315,WP_005933734,REL_C3,REC_C0,+,31452-36951
663329,NZ_JBCJBC010000040,Coprococcus comes,Lachnospiraceae,Bacillota,WP_343000314,WP_343000309,REL_C17,REC_C0,-,14803-20315
491453,NZ_JAAIMI010000001,Coprococcus comes,Lachnospiraceae,Bacillota,WP_173686129,WP_119297780,REL_C3,REC_C0,+,193519-199020
431736,NZ_JAQNCG010000010,Coprococcus comes,Lachnospiraceae,Bacillota,WP_003533417,WP_003533408,REL_C10,REC_C3,+,50696-56785
773428,NZ_JADMUX010000007,Coprococcus comes,Lachnospiraceae,Bacillota,WP_003533417,WP_003533408,REL_C10,REC_C3,+,50696-56785
930225,NZ_JAQNCH010000002,Coprococcus comes,Lachnospiraceae,Bacillota,WP_003533417,WP_003533408,REL_C10,REC_C3,-,177199-183288
507607,NZ_JAQNCF010000001,Coprococcus comes,Lachnospiraceae,Bacillota,WP_003533417,WP_003533408,REL_C10,REC_C3,+,74396-80485
168093,NZ_QUCM01000008,Clostridium sp. AM22-11AC,Clostridiaceae,Bacillota,WP_118300891,WP_118300887,REL_C6,REC_C0,-,45920-52180
541031,NZ_JBBNGF010000008,Gallintestinimicrobium propionicum,Lachnospiraceae,Bacillota,WP_044983951,WP_009255332,REL_C11,REC_C3,+,48249-53773
978313,NZ_QWEK01000042,Pseudoflavonifractor sp. 524-17,Oscillospiraceae,Bacillota,WP_161846297,WP_161846300,REL_C13,REC_C2,+,21457-27209
198059,NZ_QUIU01000023,Clostridium sp. AM34-9AC,Clostridiaceae,Bacillota,WP_044983951,WP_009255332,REL_C11,REC_C3,+,57385-62909
853972,NZ_JAAIMX010000013,Dorea longicatena,Lachnospiraceae,Bacillota,WP_173784306,WP_173784309,REL_C1,REC_C1,+,34139-39781
777136,NZ_JAAIMW010000010,Dorea longicatena,Lachnospiraceae,Bacillota,WP_173784306,WP_173784309,REL_C1,REC_C1,+,36851-42493
216376,NZ_VBUP01000001,Dorea longicatena,Lachnospiraceae,Bacillota,WP_139009667,WP_117788211,REL_C17,REC_C0,-,1955504-1961726
450028,NZ_SPHT01000028,Dorea longicatena,Lachnospiraceae,Bacillota,WP_138376204,WP_138376208,REL_C21,REC_C0,+,18083-23653
170636,NZ_JAQEDB010000003,Mediterraneibacter faecis,Lachnospiraceae,Bacillota,WP_109215852,WP_098924870,REL_C0,REC_C0,+,50639-56152
661586,NZ_WQNO01000033,Mediterraneibacter faecis,Lachnospiraceae,Bacillota,WP_044945864,WP_097800099,REL_C3,REC_C0,-,4545-10045
944554,NZ_JAKNIR010000006,Mediterraneibacter faecis,Lachnospiraceae,Bacillota,WP_044983951,WP_009255332,REL_C11,REC_C3,-,182720-188244
993911,NZ_JAQDKU010000022,Mediterraneibacter faecis,Lachnospiraceae,Bacillota,WP_270391134,WP_270391126,REL_C22,REC_C0,-,37476-42984
959337,NZ_JADPGD010000012,Mediterraneibacter faecis,Lachnospiraceae,Bacillota,WP_196021229,WP_117946828,REL_C0,REC_C0,-,63601-69112
139245,NZ_JBDOJD010000004,Mediterraneibacter faecis,Lachnospiraceae,Bacillota,WP_044945864,WP_097800099,REL_C3,REC_C0,-,305335-310835
842515,NZ_JADPGO010000004,Blautia sp. 1001283B150304_161114_C9,Lachnospiraceae,Bacillota,WP_002594235,WP_002594230,REL_C0,REC_C2,-,121168-126835
387777,NZ_FNWC01000007,Coprococcus phoceensis,Lachnospiraceae,Bacillota,WP_002569237,WP_002569232,REL_C0,REC_C0,-,2476967-2482484
243600,NZ_BMQH01000007,Butyricicoccus faecihominis,Clostridiaceae,Bacillota,WP_002594235,WP_002594230,REL_C0,REC_C2,-,9456-15123
330680,NZ_BLYJ01000006,Butyricicoccus faecihominis,Clostridiaceae,Bacillota,WP_002594235,WP_002594230,REL_C0,REC_C2,-,4510-10177
965092,NZ_JARFIS010000012,Faecalibacterium sp. DFI.5.82,Oscillospiraceae,Bacillota,WP_044953233,WP_275252893,REL_C15,REC_C4,-,14189-20355
487203,NZ_JAOQJH010000030,Anthropogastromicrobium aceti,Lachnospiraceae,Bacillota,WP_262538817,WP_262538807,REL_C3,REC_C0,-,24957-30457
337848,NZ_QTWD01000006,Blautia sp. AF26-2,Lachnospiraceae,Bacillota,WP_002594235,WP_002594230,REL_C0,REC_C2,+,214982-220649
703375,NZ_JRFU01000106,Eubacterium ramulus,Eubacteriaceae,Bacillota,WP_109215852,WP_098924870,REL_C0,REC_C0,+,21349-26862
634374,NZ_JAQDVB010000023,Coprococcus sp. AM11-30B,Lachnospiraceae,Bacillota,WP_109215852,WP_098924870,REL_C0,REC_C0,+,52415-57928
136039,NZ_JAOQJY010000032,Gallintestinimicrobium propionicum,Lachnospiraceae,Bacillota,WP_044945864,WP_097800099,REL_C3,REC_C0,-,8180-13680
297911,NZ_CABKVM010000019,Fournierella massiliensis,Oscillospiraceae,Bacillota,WP_058966389,WP_005921270,REL_C0,REC_C0,+,241587-247106
546504,NZ_JADNAB010000036,Roseburia faecis,Lachnospiraceae,Bacillota,WP_055068071,WP_005933734,REL_C3,REC_C0,+,8592-14092
391742,NZ_WNAL01000042,Roseburia faecis,Lachnospiraceae,Bacillota,WP_117931754,WP_155177606,REL_C0,REC_C0,-,9077-14590
692699,NZ_JADNPM010000047,Roseburia faecis,Lachnospiraceae,Bacillota,WP_003533417,WP_003533408,REL_C10,REC_C3,-,3718-9807
442172,NZ_JADNPM010000037,Roseburia faecis,Lachnospiraceae,Bacillota,WP_202193921,WP_117784951,REL_C6,REC_C4,-,9802-15332
731299,NZ_QUEZ01000027,Clostridium sp. AM51-4,Clostridiaceae,Bacillota,WP_002569237,WP_002569232,REL_C0,REC_C0,-,46334-51851
104145,NZ_QRHS01000004,Roseburia sp. AM23-20,Lachnospiraceae,Bacillota,WP_109215852,WP_098924870,REL_C0,REC_C0,-,46988-52501
994621,NZ_JAJDML010000002,Blautia sp. DFI.1.216,Lachnospiraceae,Bacillota,WP_227295380,WP_227295388,REL_C2,REC_C0,+,152809-158305
414385,NZ_QUKE01000029,Clostridium sp. TM06-18,Clostridiaceae,Bacillota,WP_025577956,WP_002594230,REL_C0,REC_C2,-,2763-8430
937330,NZ_WKPL01000053,Holdemania massiliensis,Erysipelotrichaceae,Bacillota,WP_044983951,WP_009255332,REL_C11,REC_C3,+,17629-23153
425839,NZ_QXWZ01000032,Anaerotruncus colihominis,Oscillospiraceae,Bacillota,WP_160210784,WP_160210779,REL_C13,REC_C2,-,5363-11855
155987,NZ_JADNPS010000013,Anaerotruncus colihominis,Oscillospiraceae,Bacillota,WP_008818020,WP_008818022,REL_C3,REC_C0,+,63378-68880
508622,NZ_JBDMXU010000013,Anaerotruncus colihominis,Oscillospiraceae,Bacillota,WP_008818020,WP_008818022,REL_C3,REC_C0,+,63378-68880
806832,NZ_JBDMXT010000004,Anaerotruncus colihominis,Oscillospiraceae,Bacillota,WP_008818020,WP_008818022,REL_C3,REC_C0,-,87125-92627
937290,NZ_NFJJ01000012,Anaerotruncus colihominis,Oscillospiraceae,Bacillota,WP_087216731,WP_087216727,REL_C6,REC_C4,-,84371-89901
315881,NZ_JADNBD010000009,Anaerotruncus colihominis,Oscillospiraceae,Bacillota,WP_009249723,WP_000945966,REL_C5,REC_C1,+,142487-148167
485068,NZ_LR700161,Faecalibacterium prausnitzii,Oscillospiraceae,Bacillota,WP_044983951,WP_009255332,REL_C11,REC_C3,+,10882-16406
965201,NZ_JBDMOL010000080,Anaerotruncus colihominis,Oscillospiraceae,Bacillota,WP_110439998,WP_110439999,REL_C19,REC_C0,-,6036-12265
555614,NZ_JADMQJ010000003,Roseburia faecis,Lachnospiraceae,Bacillota,WP_055068071,WP_005933734,REL_C3,REC_C0,+,162627-168127
836437,NZ_LN908964,Fournierella massiliensis,Oscillospiraceae,Bacillota,WP_058966389,WP_005921270,REL_C0,REC_C0,+,241587-247106
673903,NZ_QUGU01000001,Blautia sp. AF17-9LB,Lachnospiraceae,Bacillota,WP_002594235,WP_002594230,REL_C0,REC_C2,+,193310-198977
903206,NZ_QUGO01000038,Blautia sp. AF19-13LB,Lachnospiraceae,Bacillota,WP_014080221,WP_002594230,REL_C0,REC_C2,-,2731-8398
146712,NZ_QUHK01000039,Blautia sp. AF14-40,Lachnospiraceae,Bacillota,WP_003533417,WP_003533408,REL_C10,REC_C3,-,8346-14435
486428,NZ_JACOOT010000033,Blautia segnis,Lachnospiraceae,Bacillota,WP_002594235,WP_002594230,REL_C0,REC_C2,-,29293-34960
230565,NZ_WQPJ01000024,Coprococcus catus,Lachnospiraceae,Bacillota,WP_117931754,WP_005921270,REL_C0,REC_C0,-,19423-24936
993184,NZ_JADNOP010000024,Fusicatenibacter saccharivorans,Lachnospiraceae,Bacillota,WP_195531239,WP_195531235,REL_C4,REC_C1,-,5238-10867
251538,NZ_JAAINV010000002,Fusicatenibacter saccharivorans,Lachnospiraceae,Bacillota,WP_002594235,WP_002594230,REL_C0,REC_C2,+,341619-347286
717552,NZ_JAAINQ010000005,Fusicatenibacter saccharivorans,Lachnospiraceae,Bacillota,WP_002594235,WP_002594230,REL_C0,REC_C2,+,172363-178030
627813,NZ_JAAINW010000002,Fusicatenibacter saccharivorans,Lachnospiraceae,Bacillota,WP_002594235,WP_002594230,REL_C0,REC_C2,+,341619-347286
533719,NZ_JAJBPO010000001,Fusicatenibacter saccharivorans,Lachnospiraceae,Bacillota,WP_002594235,WP_002594230,REL_C0,REC_C2,-,157892-163559
740305,NZ_JBDMQY010000003,Fusicatenibacter saccharivorans,Lachnospiraceae,Bacillota,WP_055221990,WP_055221997,REL_C3,REC_C0,+,273828-279328
536414,NZ_JAJBPK010000001,Fusicatenibacter saccharivorans,Lachnospiraceae,Bacillota,WP_002594235,WP_002594230,REL_C0,REC_C2,+,341558-347225
348287,NZ_JBDMQZ010000002,Fusicatenibacter saccharivorans,Lachnospiraceae,Bacillota,WP_055221990,WP_055221997,REL_C3,REC_C0,+,273828-279328
475200,NZ_JAJFCD010000001,Fusicatenibacter saccharivorans,Lachnospiraceae,Bacillota,WP_002594235,WP_002594230,REL_C0,REC_C2,-,157892-163559
253125,NZ_JBDMEH010000024,Fusicatenibacter saccharivorans,Lachnospiraceae,Bacillota,WP_347044254,WP_050617400,REL_C0,REC_C0,+,27058-32578
284552,NZ_CZAL01000004,Fusicatenibacter saccharivorans,Lachnospiraceae,Bacillota,WP_055265728,WP_002596236,REL_C1,REC_C1,-,28797-34820
346256,NZ_JAAITR010000040,Fusicatenibacter saccharivorans,Lachnospiraceae,Bacillota,WP_002594235,WP_002594230,REL_C0,REC_C2,-,2837-8504
607534,NZ_JBBNNY010000092,Hominifimenecus microfluidus,Lachnospiraceae,Bacillota,WP_070087579,WP_070087575,REL_C5,REC_C1,-,2975-8601
799422,NZ_QUEC01000001,Clostridium sp. AF34-10BH,Clostridiaceae,Bacillota,WP_117946831,WP_117946828,REL_C0,REC_C0,+,179604-185120
818096,NZ_JBBNNJ010000068,Dysosmobacter welbionis,Oscillospiraceae,Bacillota,WP_349134295,WP_349134292,REL_C29,REC_C8,-,9016-12994
753827,NZ_JBBNGI010000005,Anaerobutyricum soehngenii,Lachnospiraceae,Bacillota,WP_118670446,WP_118469360,REL_C0,REC_C0,-,79749-85265
940304,NZ_WNAK01000040,Roseburia faecis,Lachnospiraceae,Bacillota,WP_117931754,WP_155177606,REL_C0,REC_C0,-,12546-18059
368802,NZ_JBBNGC010000006,Gemmiger formicilis,Unnammed,Bacillota,WP_349183731,WP_119297780,REL_C3,REC_C0,-,11824-17325
906563,NZ_WKPV01000019,Faecalibacterium prausnitzii,Oscillospiraceae,Bacillota,WP_055155943,WP_005933734,REL_C3,REC_C0,-,34313-39815
550315,NZ_CABKNH010000001,Faecalibacterium prausnitzii,Oscillospiraceae,Bacillota,WP_044960756,WP_005927777,REL_C0,REC_C0,-,816300-821819
654439,NZ_QSAW01000001,Faecalibacterium prausnitzii,Oscillospiraceae,Bacillota,WP_182398497,WP_005933734,REL_C3,REC_C0,+,448060-453560
646357,NZ_JAHQYW010000025,Faecalibacterium prausnitzii,Oscillospiraceae,Bacillota,WP_217297927,WP_118076885,REL_C0,REC_C0,+,9845-16071
455897,NZ_WKQC01000021,Faecalibacterium prausnitzii,Oscillospiraceae,Bacillota,WP_154252676,WP_005921270,REL_C0,REC_C0,-,23529-29048
711103,NC_021020,Faecalibacterium prausnitzii SL3/3,Oscillospiraceae,Bacillota,WP_195464098,WP_002569232,REL_C0,REC_C0,+,822765-828285
353927,NZ_JAQCXY010000019,Faecalibacterium prausnitzii,Oscillospiraceae,Bacillota,WP_270479299,WP_009255332,REL_C11,REC_C3,-,12778-18303
430924,NZ_WKQB01000022,Faecalibacterium prausnitzii,Oscillospiraceae,Bacillota,WP_154252676,WP_005921270,REL_C0,REC_C0,+,23934-29453
519751,NZ_CABVEM010000001,Faecalibacterium prausnitzii,Oscillospiraceae,Bacillota,WP_156072810,WP_156072800,REL_C33,REC_C6,-,530806-537034
470217,NZ_JBBNNX010000029,Faecalibacterium prausnitzii,Oscillospiraceae,Bacillota,WP_349190680,WP_078784320,REL_C0,REC_C0,-,10961-16474
263106,NZ_JANGCQ010000006,Faecalibacterium prausnitzii,Oscillospiraceae,Bacillota,WP_217297927,WP_118076885,REL_C0,REC_C0,+,116175-122401
907230,NZ_DS483503,Faecalibacterium prausnitzii M21/2,Oscillospiraceae,Bacillota,WP_044960756,WP_005927777,REL_C0,REC_C0,-,816300-821819
685923,NZ_WKQA01000023,Faecalibacterium prausnitzii,Oscillospiraceae,Bacillota,WP_154252676,WP_005921270,REL_C0,REC_C0,+,23934-29453
113305,NZ_WKQE01000023,Faecalibacterium prausnitzii,Oscillospiraceae,Bacillota,WP_154252676,WP_005921270,REL_C0,REC_C0,+,23934-29453
854886,NZ_WKQD01000024,Faecalibacterium prausnitzii,Oscillospiraceae,Bacillota,WP_154252676,WP_005921270,REL_C0,REC_C0,+,23934-29453
190068,NZ_QVEW01000001,Faecalibacterium prausnitzii,Oscillospiraceae,Bacillota,WP_117526253,WP_117526146,REL_C0,REC_C0,-,20424-25940
107095,NZ_JBBNHN010000006,Faecalibacterium prausnitzii,Oscillospiraceae,Bacillota,WP_349150941,WP_005921270,REL_C0,REC_C0,+,171179-176698
104070,NZ_WKQL01000025,Faecalibacterium prausnitzii,Oscillospiraceae,Bacillota,WP_055155943,WP_005933734,REL_C3,REC_C0,-,34313-39815
725718,NZ_JAQCXC010000002,Faecalibacterium prausnitzii,Oscillospiraceae,Bacillota,WP_117526253,WP_117526146,REL_C0,REC_C0,-,20424-25940
488791,NZ_WKQK01000045,Faecalibacterium prausnitzii,Oscillospiraceae,Bacillota,WP_023921372,WP_002569232,REL_C6,REC_C0,-,3230-8741
480010,NZ_JAQEEB010000004,Faecalibacterium prausnitzii,Oscillospiraceae,Bacillota,WP_117823242,WP_117500105,REL_C0,REC_C0,+,258526-264042
524153,NZ_CP065377,Faecalibacterium prausnitzii,Oscillospiraceae,Bacillota,WP_202191447,WP_223383579,REL_C3,REC_C0,+,1233443-1238943
480078,NZ_CP065379,Faecalibacterium prausnitzii,Oscillospiraceae,Bacillota,WP_202191447,WP_223383579,REL_C3,REC_C0,+,1236026-1241526
364087,NZ_QUIK01000005,Clostridium sp. AM42-4,Clostridiaceae,Bacillota,WP_002594235,WP_002594230,REL_C0,REC_C2,-,34296-39963
379378,NZ_QVFB01000022,Faecalibacterium prausnitzii,Oscillospiraceae,Bacillota,WP_181968249,WP_005933734,REL_C3,REC_C0,-,6190-11690
119051,NZ_CP065378,Faecalibacterium prausnitzii,Oscillospiraceae,Bacillota,WP_202191447,WP_223383579,REL_C3,REC_C0,+,1236025-1241525
774865,NZ_QSHX01000014,Faecalibacterium prausnitzii,Oscillospiraceae,Bacillota,WP_182400593,WP_006573559,REL_C3,REC_C0,-,22887-28387
477656,NZ_JAEKBX010000002,Faecalibacterium prausnitzii,Oscillospiraceae,Bacillota,WP_202191447,WP_223383579,REL_C3,REC_C0,+,1236027-1241527
153699,NZ_JAWHPS010000015,Faecalibacterium prausnitzii,Oscillospiraceae,Bacillota,WP_316539256,WP_097800099,REL_C3,REC_C0,+,23308-28808
329062,NZ_QVEZ01000013,Faecalibacterium prausnitzii,Oscillospiraceae,Bacillota,WP_117536059,WP_002596236,REL_C4,REC_C1,+,47070-53656
892563,NZ_CP065376,Faecalibacterium prausnitzii,Oscillospiraceae,Bacillota,WP_223386443,WP_215645935,REL_C4,REC_C1,-,2792889-2798534
461119,NZ_NMTY01000012,Faecalibacterium prausnitzii,Oscillospiraceae,Bacillota,WP_097839335,WP_097839336,REL_C0,REC_C0,+,200915-206435
178363,NZ_PXUP01000037,Faecalibacterium prausnitzii,Oscillospiraceae,Bacillota,WP_113993245,WP_113998242,REL_C0,REC_C0,-,3148-8661
816762,NZ_CP157369,Faecalibacterium prausnitzii,Oscillospiraceae,Bacillota,WP_348816452,WP_348816456,REL_C4,REC_C1,-,840089-845734
581637,NZ_JAWHPP010000030,Faecalibacterium prausnitzii,Oscillospiraceae,Bacillota,WP_113993245,WP_113998242,REL_C0,REC_C0,-,3189-8702
617974,NZ_VTYU01000023,Faecalibacterium prausnitzii,Oscillospiraceae,Bacillota,WP_236132135,WP_097800099,REL_C3,REC_C0,+,14708-20208
533539,NZ_JAQDKL010000010,Faecalibacterium prausnitzii,Oscillospiraceae,Bacillota,WP_002571015,WP_002571010,REL_C4,REC_C1,+,90326-95958
611957,NZ_RCYJ01000050,Faecalibacterium prausnitzii,Oscillospiraceae,Bacillota,WP_023921372,WP_002569232,REL_C6,REC_C0,-,3230-8741
848310,NZ_WKPW01000021,Faecalibacterium prausnitzii,Oscillospiraceae,Bacillota,WP_055155943,WP_005933734,REL_C3,REC_C0,-,34313-39815
523675,NZ_WKPZ01000024,Faecalibacterium prausnitzii,Oscillospiraceae,Bacillota,WP_154252676,WP_005921270,REL_C0,REC_C0,+,23934-29453
464339,NZ_PRLB01000001,Faecalibacterium prausnitzii,Oscillospiraceae,Bacillota,WP_158400032,WP_158400030,REL_C34,REC_C0,-,268381-273881
784870,NZ_WKQI01000025,Faecalibacterium prausnitzii,Oscillospiraceae,Bacillota,WP_154252676,WP_005921270,REL_C0,REC_C0,+,15263-20782
941460,NZ_QVMD01000004,Sellimonas intestinalis,Lachnospiraceae,Bacillota,WP_117493711,WP_117493716,REL_C14,REC_C1,+,170470-176718
329244,NZ_LT635479,Lachnoclostridium phocaeense,Lachnospiraceae,Bacillota,WP_076776080,WP_073261367,REL_C4,REC_C1,+,48323-53968
715565,NZ_JAQESG010000003,Coprococcus sp. AM97-06,Lachnospiraceae,Bacillota,WP_003020266,WP_003020278,REL_C0,REC_C2,+,23256-28920
553874,NZ_NFGZ01000001,Flavonifractor sp. An92,Oscillospiraceae,Bacillota,WP_087257665,WP_087257677,REL_C4,REC_C1,+,45581-51222
800538,NZ_QUFI01000009,Clostridium sp. AF27-2AA,Clostridiaceae,Bacillota,WP_002594235,WP_002594230,REL_C0,REC_C2,+,83748-89415
918271,NZ_NFHM01000012,Anaerotignum lactatifermentans,Lachnospiraceae,Bacillota,WP_087989419,WP_087989421,REL_C12,REC_C1,+,45436-51180
937108,NZ_QWGO01000022,Desulfotomaculum sp. OF05-3,Desulfotomaculaceae,Bacillota,WP_117504537,WP_117504545,REL_C12,REC_C1,+,20099-25846
930093,NZ_QWGO01000001,Desulfotomaculum sp. OF05-3,Desulfotomaculaceae,Bacillota,WP_002594235,WP_002594230,REL_C0,REC_C2,+,161165-166832
292163,NZ_QVMB01000012,Sellimonas intestinalis,Lachnospiraceae,Bacillota,WP_002602093,WP_002605633,REL_C2,REC_C0,+,10701-16193
357117,NZ_JAJBNI010000015,Dorea formicigenerans,Lachnospiraceae,Bacillota,WP_173821131,WP_226850879,REL_C8,REC_C2,-,32019-37795
101028,NZ_JAKNGK010000005,Dorea formicigenerans,Lachnospiraceae,Bacillota,WP_154251100,WP_050617400,REL_C0,REC_C0,-,145011-150528
446141,NZ_QSQQ01000003,Dorea formicigenerans,Lachnospiraceae,Bacillota,WP_117649093,WP_117649081,REL_C7,REC_C2,-,167995-174267
672262,NZ_JAOQKC010000032,Laedolimicola ammoniilytica,Lachnospiraceae,Bacillota,WP_044953233,WP_158365284,REL_C15,REC_C4,-,2251-8417
903545,NZ_JBBNJP010000005,Gemmiger formicilis,Unnammed,Bacillota,WP_227594506,WP_002569232,REL_C0,REC_C0,+,63658-69174
468533,NZ_JAWPMD010000022,Faecalibacterium prausnitzii,Oscillospiraceae,Bacillota,WP_318177722,WP_318177717,REL_C0,REC_C0,-,27806-33325
737572,NZ_CAJKTF010000013,Gemmiger formicilis,Unnammed,Bacillota,WP_278544212,WP_278544215,REL_C3,REC_C0,+,79149-84652
218511,NZ_FUYF01000006,Gemmiger formicilis,Unnammed,Bacillota,WP_006555733,WP_078784320,REL_C0,REC_C0,+,37036-42550
135954,NZ_JAJEPN010000006,Gemmiger formicilis,Unnammed,Bacillota,WP_227594506,WP_002569232,REL_C0,REC_C0,+,63658-69174
334908,NZ_JAJBNI010000003,Dorea formicigenerans,Lachnospiraceae,Bacillota,WP_158437183,WP_138376208,REL_C21,REC_C0,-,38626-44241
957226,NZ_QVLY01000007,Sellimonas intestinalis,Lachnospiraceae,Bacillota,WP_117493711,WP_117493716,REL_C14,REC_C1,-,25033-31281
395671,NZ_CABJBB010000001,Dorea formicigenerans,Lachnospiraceae,Bacillota,WP_147561385,WP_147561379,REL_C0,REC_C0,+,827037-832547
196795,NZ_QVMC01000005,Sellimonas intestinalis,Lachnospiraceae,Bacillota,WP_117493711,WP_117493716,REL_C14,REC_C1,+,37544-43792
893608,NZ_JAQCQW010000008,Sellimonas intestinalis,Lachnospiraceae,Bacillota,WP_117493711,WP_117493716,REL_C14,REC_C1,+,23660-29908
208420,NZ_WKQG01000023,Faecalibacterium prausnitzii,Oscillospiraceae,Bacillota,WP_154252676,WP_005921270,REL_C0,REC_C0,+,23934-29453
754596,NZ_JACRTP010000002,Blautia stercoris,Lachnospiraceae,Bacillota,WP_187558552,WP_187558405,REL_C0,REC_C0,+,139865-145381
702944,NZ_JAOQKJ010000009,Suilimivivens aceti,Lachnospiraceae,Bacillota,WP_044945864,WP_097800099,REL_C3,REC_C0,-,119882-125382
316308,NZ_SMBP01000004,Longicatena caecimuris,Erysipelotrichaceae,Bacillota,WP_132224115,WP_132224125,REL_C13,REC_C2,+,153312-159619
897867,NZ_JAOBSS010000005,Longicatena caecimuris,Erysipelotrichaceae,Bacillota,WP_132224115,WP_132224125,REL_C13,REC_C2,+,150252-156559
836344,NZ_JANKBG010000004,Longicatena caecimuris,Erysipelotrichaceae,Bacillota,WP_132224115,WP_132224125,REL_C13,REC_C2,-,4515-10822
437690,NZ_CABJAH010000001,Anaerotruncus rubiinfantis,Oscillospiraceae,Bacillota,WP_002602093,WP_002605633,REL_C2,REC_C0,+,318060-323552
660477,NZ_JAQDKN010000013,Coprococcus sp. AM100_B19A,Lachnospiraceae,Bacillota,WP_270205852,WP_055228425,REL_C0,REC_C0,+,83508-89024
787130,NZ_WKQF01000023,Faecalibacterium prausnitzii,Oscillospiraceae,Bacillota,WP_154252676,WP_005921270,REL_C0,REC_C0,+,23934-29453
249664,NZ_WQPW01000062,Clostridium sp. MCC328,Clostridiaceae,Bacillota,WP_252196310,WP_215704675,REL_C0,REC_C0,+,22093-27578
858547,NZ_JAJEPT010000003,Blautia fusiformis,Lachnospiraceae,Bacillota,WP_002602093,WP_002605633,REL_C2,REC_C0,+,10565-16057
202566,NZ_JBBNJI010000051,Blautia fusiformis,Lachnospiraceae,Bacillota,WP_002602093,WP_002605633,REL_C2,REC_C0,+,10565-16057
200838,NZ_JACRYT010000002,Zhenpiania hominis,EubacterialesFamilyXIII.IncertaeSedis,Bacillota,WP_066522957,WP_066522968,REL_C4,REC_C1,-,288283-293915
373491,NZ_QUGQ01000033,Blautia sp. AF19-1,Lachnospiraceae,Bacillota,WP_109215852,WP_098924870,REL_C0,REC_C0,-,3311-8824
724122,NZ_JANGCP010000006,Faecalibacterium prausnitzii,Oscillospiraceae,Bacillota,WP_217297927,WP_118076885,REL_C0,REC_C0,-,17283-23509
266091,NZ_WKQH01000028,Faecalibacterium prausnitzii,Oscillospiraceae,Bacillota,WP_154252676,WP_005921270,REL_C0,REC_C0,+,15263-20782
